{"stats":{"minecraft:mined":{"iceandfire:silver_ore":15,"minecraft:deepslate_diamond_ore":3,"minecraft:cherry_log":22,"minecraft:grass_block":2,"minecraft:red_mushroom":2,"minecraft:large_fern":8,"minecraft:redstone_ore":1,"minecraft:furnace":2,"minecraft:iron_ore":35,"minecraft:fire":10,"minecraft:andesite":4,"minecraft:deepslate_lapis_ore":2,"minecraft:vine":2,"minecraft:stone":48,"minecraft:scaffolding":2,"minecraft:crafting_table":4,"minecraft:torch":5,"minecraft:stone_slab":1,"minecraft:tall_grass":6,"minecraft:cobblestone":7,"minecraft:sugar_cane":7,"minecraft:wall_torch":1,"minecraft:pink_petals":2,"minecraft:coarse_dirt":5,"minecraft:sweet_berry_bush":1,"minecraft:birch_leaves":4,"minecraft:grass":13,"minecraft:coal_ore":28,"luminousworld:ishstone":1,"minecraft:cherry_leaves":1,"minecraft:dripstone_block":3,"minecraft:dirt":1,"minecraft:cobweb":3,"minecraft:small_dripleaf":1,"minecraft:deepslate":9,"minecraft:fern":8},"minecraft:broken":{"minecraft:shield":1},"minecraft:dropped":{"minecraft:brown_mushroom":6,"luminousworld:bass_item":1,"minecraft:iron_helmet":1,"minecraft:feather":2,"minecraft:cobblestone":4,"minecraft:grass_block":2,"minecraft:leather_helmet":1,"minecraft:red_mushroom":7,"minecraft:torch":16,"minecraft:wooden_axe":1,"minecraft:iron_leggings":1,"iceandfire:stymphalian_bird_feather":28,"naturalist:duck_egg":2,"minecraft:stone_axe":1,"minecraft:stone_sword":2,"iceandfire:dragonbone_sword_fire":2,"iceandfire:dragonbone_sword_ice":1,"minecraft:name_tag":1,"minecraft:arrow":2,"minecraft:stone_pickaxe":3,"naturalist:duck":2,"luminousworld:beastiary":1},"minecraft:killed":{"luminousworld:miner_zombie":1,"luminous_monsters:glacial_skeleton":1,"luminous_monsters:miner_zombie":3,"minecraft:spider":2,"naturalist:duck":1,"iceandfire:stymphalian_bird":13,"minecraft:skeleton":2,"luminousworld:miner_skeleton":2,"luminousworld:bass_fish":1,"luminous_monsters:miner_skeleton":1,"iceandfire:cyclops":1,"minecraft:sheep":4,"minecraft:zombie":15,"iceandfire:ice_dragon":2},"minecraft:used":{"minecraft:cherry_sapling":2,"minecraft:stone_sword":43,"minecraft:armor_stand":1,"minecraft:chest":7,"minecraft:shield":98,"minecraft:iron_sword":253,"minecraft:cooked_salmon":10,"minecraft:torch":17,"minecraft:dirt":1,"minecraft:spyglass":2,"iceandfire:armor_silver_metal_helmet":1,"minecraft:wooden_axe":40,"minecraft:grass_block":62,"minecraft:sweet_berries":2,"minecraft:furnace":2,"minecraft:goat_horn":3,"minecraft:egg":1,"minecraft:potato":6,"minecraft:cherry_log":1,"minecraft:water_bucket":9,"minecraft:stone_pickaxe":82,"iceandfire:dragonbone_sword_ice":20,"minecraft:wooden_pickaxe":8,"luminousworld:ishstone":1,"iceandfire:armor_silver_metal_boots":1,"minecraft:crafting_table":6,"minecraft:wooden_hoe":16,"iceandfire:dragonbone_sword_fire":47,"minecraft:iron_pickaxe":73,"minecraft:stone_axe":4,"minecraft:cobblestone":21,"minecraft:cooked_porkchop":19,"minecraft:bucket":7,"minecraft:coarse_dirt":5},"minecraft:custom":{"minecraft:mob_kills":53,"minecraft:interact_with_crafting_table":38,"minecraft:open_barrel":46,"minecraft:eat_cake_slice":4,"minecraft:leave_game":2,"minecraft:time_since_death":122046,"minecraft:climb_one_cm":16721,"minecraft:sprint_one_cm":501764,"minecraft:walk_one_cm":193230,"minecraft:damage_blocked_by_shield":465,"minecraft:drop":29,"minecraft:talked_to_villager":8,"minecraft:play_time":122046,"minecraft:sneak_time":6130,"minecraft:walk_under_water_one_cm":13125,"minecraft:jump":2578,"minecraft:interact_with_blast_furnace":2,"minecraft:walk_on_water_one_cm":21522,"minecraft:total_world_time":122668,"minecraft:interact_with_furnace":33,"minecraft:traded_with_villager":1,"minecraft:sleep_in_bed":3,"minecraft:time_since_rest":33541,"minecraft:damage_taken":1840,"minecraft:damage_dealt":14424,"minecraft:swim_one_cm":22330,"minecraft:fly_one_cm":827081,"minecraft:open_chest":102,"minecraft:crouch_one_cm":12791,"minecraft:interact_with_smoker":8,"minecraft:fall_one_cm":64796},"minecraft:crafted":{"minecraft:cherry_planks":84,"minecraft:furnace":3,"minecraft:stone_pickaxe":2,"minecraft:chest":5,"iceandfire:armor_silver_metal_boots":1,"iceandfire:silver_ingot":10,"minecraft:crafting_table":2,"minecraft:wooden_pickaxe":1,"minecraft:iron_helmet":1,"minecraft:iron_sword":2,"minecraft:cooked_salmon":11,"minecraft:bucket":1,"minecraft:stone_axe":2,"ribbits:maraca":1,"minecraft:air":0,"iceandfire:armor_silver_metal_helmet":1,"minecraft:iron_chestplate":1,"minecraft:wooden_hoe":1,"minecraft:shield":1,"minecraft:stick":32,"minecraft:iron_ingot":33,"minecraft:iron_pickaxe":2,"minecraft:wooden_axe":1,"minecraft:stone_sword":2,"minecraft:iron_leggings":1,"minecraft:torch":48},"minecraft:picked_up":{"minecraft:crafting_table":4,"minecraft:coarse_dirt":5,"minecraft:brown_mushroom":6,"minecraft:string":5,"minecraft:armor_stand":1,"minecraft:cobbled_deepslate":9,"minecraft:sugar_cane":9,"minecraft:egg":1,"minecraft:furnace":2,"minecraft:stick":2,"minecraft:raw_iron":34,"naturalist:duck":2,"minecraft:copper_ingot":8,"minecraft:torch":7,"iceandfire:rotten_egg":1,"minecraft:cherry_log":22,"luminousworld:beastiary":1,"minecraft:rotten_flesh":12,"minecraft:arrow":3,"iceandfire:cyclops_eye":1,"minecraft:saddle":1,"minecraft:mutton":9,"minecraft:white_wool":6,"minecraft:cobblestone":61,"minecraft:pink_petals":7,"minecraft:feather":2,"minecraft:andesite":6,"luminousworld:ishstone":1,"minecraft:leather":10,"minecraft:red_mushroom":7,"minecraft:lapis_lazuli":18,"minecraft:dirt":12,"minecraft:bone":9,"minecraft:wheat_seeds":1,"minecraft:stone_pickaxe":1,"minecraft:iron_ingot":9,"luminousworld:bass_item":2,"iceandfire:copper_nugget":7,"minecraft:sweet_berries":2,"minecraft:spyglass":1,"minecraft:gravel":6,"minecraft:dripstone_block":3,"iceandfire:stymphalian_bird_feather":34,"minecraft:grass_block":1,"naturalist:duck_egg":2,"minecraft:leather_helmet":2,"minecraft:diamond":3,"minecraft:cherry_sapling":2,"minecraft:coal":49,"iceandfire:raw_silver":15}},"DataVersion":3465}