{"stats":{"minecraft:killed":{"minecraft:spider":1,"minecraft:skeleton":1,"minecraft:zombie":8},"minecraft:mined":{"iceandfire:silver_ore":9,"minecraft:cherry_log":22,"minecraft:crafting_table":2,"minecraft:grass_block":2,"minecraft:pink_petals":2,"minecraft:coarse_dirt":5,"minecraft:iron_ore":20,"minecraft:sweet_berry_bush":1,"minecraft:andesite":2,"minecraft:birch_leaves":2,"minecraft:grass":2,"minecraft:coal_ore":14,"luminousworld:ishstone":1,"minecraft:cherry_leaves":1,"minecraft:dirt":1,"minecraft:stone":44},"minecraft:picked_up":{"minecraft:pink_petals":7,"minecraft:crafting_table":2,"minecraft:coarse_dirt":5,"minecraft:andesite":4,"luminousworld:ishstone":1,"minecraft:string":1,"minecraft:dirt":3,"minecraft:bone":3,"minecraft:stone_pickaxe":1,"minecraft:stick":2,"minecraft:raw_iron":19,"minecraft:sweet_berries":2,"minecraft:cherry_log":22,"minecraft:grass_block":1,"minecraft:arrow":2,"minecraft:rotten_flesh":6,"minecraft:cherry_sapling":2,"minecraft:coal":13,"iceandfire:raw_silver":9,"minecraft:cobblestone":53},"minecraft:dropped":{"minecraft:stone_axe":1,"minecraft:stone_sword":1,"minecraft:grass_block":2,"minecraft:stone_pickaxe":2},"minecraft:crafted":{"minecraft:cherry_planks":84,"minecraft:crafting_table":2,"minecraft:wooden_pickaxe":1,"minecraft:iron_sword":1,"minecraft:furnace":1,"minecraft:stone_axe":2,"minecraft:air":0,"minecraft:wooden_hoe":1,"minecraft:shield":1,"minecraft:stick":20,"minecraft:iron_ingot":11,"minecraft:iron_pickaxe":1,"minecraft:stone_pickaxe":2,"minecraft:wooden_axe":1,"minecraft:stone_sword":2,"minecraft:torch":4},"minecraft:custom":{"minecraft:interact_with_furnace":5,"minecraft:mob_kills":12,"minecraft:interact_with_crafting_table":16,"minecraft:leave_game":1,"minecraft:time_since_death":31025,"minecraft:sleep_in_bed":1,"minecraft:time_since_rest":11389,"minecraft:sprint_one_cm":99544,"minecraft:damage_taken":510,"minecraft:walk_one_cm":52370,"minecraft:drop":6,"minecraft:damage_dealt":1847,"minecraft:talked_to_villager":3,"minecraft:swim_one_cm":2633,"minecraft:fly_one_cm":186524,"minecraft:open_chest":17,"minecraft:crouch_one_cm":5387,"minecraft:play_time":31025,"minecraft:sneak_time":2703,"minecraft:walk_under_water_one_cm":2602,"minecraft:jump":660,"minecraft:walk_on_water_one_cm":5756,"minecraft:total_world_time":31647,"minecraft:fall_one_cm":14689},"minecraft:used":{"minecraft:cherry_sapling":2,"minecraft:stone_sword":43,"minecraft:stone_pickaxe":82,"minecraft:chest":2,"minecraft:wooden_pickaxe":8,"luminousworld:ishstone":1,"minecraft:torch":1,"minecraft:dirt":1,"minecraft:crafting_table":4,"minecraft:wooden_axe":40,"minecraft:wooden_hoe":16,"minecraft:grass_block":62,"minecraft:iron_pickaxe":1,"minecraft:stone_axe":2,"minecraft:cobblestone":8,"minecraft:sweet_berries":2,"minecraft:goat_horn":3,"minecraft:furnace":1,"minecraft:cooked_porkchop":6,"minecraft:potato":6,"minecraft:coarse_dirt":5,"minecraft:cherry_log":1}},"DataVersion":3465}