{"stats":{"minecraft:custom":{"minecraft:interact_with_smithing_table":1,"minecraft:mob_kills":113,"minecraft:interact_with_crafting_table":97,"minecraft:open_barrel":72,"minecraft:eat_cake_slice":9,"minecraft:leave_game":4,"minecraft:time_since_death":42996,"minecraft:climb_one_cm":22295,"minecraft:sprint_one_cm":1139223,"minecraft:walk_one_cm":486285,"minecraft:damage_blocked_by_shield":2700,"minecraft:drop":100,"minecraft:talked_to_villager":8,"minecraft:play_time":284334,"minecraft:sneak_time":14071,"minecraft:deaths":10,"minecraft:walk_under_water_one_cm":35543,"minecraft:jump":5925,"minecraft:interact_with_blast_furnace":2,"minecraft:walk_on_water_one_cm":48435,"minecraft:total_world_time":284956,"minecraft:interact_with_furnace":78,"minecraft:traded_with_villager":1,"minecraft:interact_with_loom":1,"minecraft:interact_with_grindstone":6,"minecraft:sleep_in_bed":7,"minecraft:time_since_rest":23797,"minecraft:damage_taken":9223,"minecraft:damage_dealt":26212,"minecraft:swim_one_cm":92700,"minecraft:fly_one_cm":1385703,"minecraft:open_chest":222,"minecraft:crouch_one_cm":37438,"minecraft:interact_with_smoker":8,"minecraft:fall_one_cm":158075},"minecraft:picked_up":{"minecraft:iron_chestplate":1,"minecraft:crafting_table":16,"minecraft:coarse_dirt":5,"minecraft:wheat":3,"jewelry:citrine":1,"minecraft:brown_mushroom":6,"minecraft:oak_stairs":1,"minecraft:golden_shovel":2,"minecraft:shield":1,"minecraft:golden_sword":1,"minecraft:string":17,"minecraft:iron_leggings":1,"minecraft:armor_stand":1,"minecraft:cobbled_deepslate":55,"minecraft:sugar_cane":12,"minecraft:chest":2,"minecraft:spruce_trapdoor":1,"crittersandcompanions:clam":2,"minecraft:iron_boots":1,"minecraft:furnace":7,"minecraft:egg":1,"minecraft:stick":2,"minecraft:raw_iron":153,"naturalist:duck":2,"minecraft:stone":3,"minecraft:copper_ingot":8,"minecraft:torch":25,"minecraft:cherry_log":22,"iceandfire:rotten_egg":1,"luminousworld:beastiary":1,"minecraft:golden_chestplate":2,"minecraft:rabbit_foot":1,"luminousworld:grassflowers":1,"minecraft:rotten_flesh":19,"minecraft:arrow":25,"iceandfire:cyclops_eye":1,"luminousworld:yellow_grassflowers":1,"crittersandcompanions:silk":3,"minecraft:saddle":1,"minecraft:obsidian":1,"minecraft:mutton":19,"minecraft:snowball":20,"minecraft:white_wool":6,"minecraft:cobblestone":99,"minecraft:stripped_oak_log":11,"minecraft:pink_petals":11,"minecraft:feather":2,"minecraft:andesite":6,"luminousworld:ishstone":1,"minecraft:leather":10,"minecraft:red_mushroom":7,"minecraft:potato":6,"minecraft:oak_log":14,"minecraft:gunpowder":3,"minecraft:lapis_lazuli":18,"minecraft:dirt":24,"minecraft:bone":36,"jewelry:sapphire":2,"minecraft:wheat_seeds":5,"minecraft:rabbit_hide":1,"minecraft:iron_ingot":17,"minecraft:grindstone":2,"minecraft:stone_pickaxe":1,"minecraft:rabbit":4,"minecraft:bamboo":4,"minecraft:gray_bed":7,"minecraft:book":68,"luminousworld:bass_item":2,"iceandfire:copper_nugget":7,"minecraft:black_candle":1,"minecraft:sweet_berries":10,"iceandfire:ash":1,"minecraft:spyglass":1,"minecraft:dripstone_block":3,"minecraft:gravel":7,"minecraft:stripped_spruce_log":1,"iceandfire:stymphalian_bird_feather":34,"minecraft:grass_block":1,"minecraft:spider_eye":3,"naturalist:duck_egg":2,"minecraft:leather_helmet":2,"minecraft:slime_ball":1,"minecraft:diamond":15,"minecraft:iron_helmet":1,"minecraft:cherry_sapling":2,"minecraft:damaged_anvil":1,"minecraft:coal":200,"iceandfire:raw_silver":21},"minecraft:used":{"creeperoverhaul:jungle_creeper_spawn_egg":1,"minecraft:cherry_sapling":2,"minecraft:enchanting_table":1,"minecraft:iron_shovel":9,"minecraft:stone_sword":43,"minecraft:armor_stand":1,"minecraft:diamond_hoe":930,"minecraft:chest":10,"minecraft:shield":131,"minecraft:iron_sword":550,"minecraft:cooked_salmon":10,"minecraft:torch":47,"minecraft:dirt":21,"minecraft:spyglass":17,"luminousworld:grassflowers":1,"minecraft:diamond_helmet":1,"iceandfire:armor_silver_metal_helmet":1,"minecraft:iron_hoe":251,"minecraft:wooden_axe":40,"minecraft:lava_bucket":3,"minecraft:iron_axe":14,"minecraft:grass_block":62,"minecraft:iron_boots":1,"minecraft:item_frame":5,"minecraft:sweet_berries":2,"minecraft:goat_horn":3,"minecraft:furnace":10,"minecraft:gray_bed":6,"minecraft:egg":1,"minecraft:cooked_beef":6,"minecraft:potato":13,"minecraft:cherry_log":1,"minecraft:iron_leggings":1,"minecraft:water_bucket":23,"minecraft:damaged_anvil":1,"minecraft:stone_pickaxe":82,"minecraft:baked_potato":1,"luminousworld:yellow_grassflowers":1,"iceandfire:dragonbone_sword_ice":20,"minecraft:wooden_pickaxe":8,"creeperoverhaul:desert_creeper_spawn_egg":1,"creeperoverhaul:bamboo_creeper_spawn_egg":1,"luminousworld:ishstone":1,"minecraft:leather_boots":1,"iceandfire:armor_silver_metal_boots":1,"minecraft:crafting_table":19,"minecraft:wooden_hoe":16,"minecraft:diamond_pickaxe":16,"iceandfire:dragonbone_sword_fire":47,"minecraft:bread":64,"minecraft:iron_pickaxe":192,"minecraft:gravel":1,"minecraft:pink_petals":4,"minecraft:stone_axe":30,"minecraft:diamond_sword":47,"minecraft:cobblestone":54,"minecraft:grindstone":1,"minecraft:cooked_porkchop":22,"minecraft:bucket":24,"minecraft:coarse_dirt":5},"minecraft:dropped":{"minecraft:golden_boots":1,"minecraft:iron_sword":2,"minecraft:stripped_spruce_log":1,"minecraft:brown_mushroom":6,"minecraft:wheat_seeds":4,"crittersandcompanions:clam":2,"luminousworld:bass_item":1,"minecraft:feather":2,"minecraft:iron_helmet":3,"minecraft:cobblestone":4,"minecraft:grass_block":2,"minecraft:leather_helmet":1,"minecraft:red_mushroom":7,"minecraft:dirt":1,"minecraft:torch":20,"minecraft:wooden_axe":1,"minecraft:gray_bed":1,"minecraft:snowball":20,"jewelry:sapphire":2,"minecraft:iron_leggings":3,"gravestone:obituary":10,"minecraft:oak_stairs":1,"iceandfire:ash":1,"minecraft:iron_pickaxe":1,"iceandfire:armor_silver_metal_helmet":1,"iceandfire:stymphalian_bird_feather":28,"naturalist:duck_egg":2,"minecraft:stone_axe":2,"minecraft:sweet_berries":2,"minecraft:golden_chestplate":2,"minecraft:stone_sword":2,"minecraft:diamond_hoe":1,"minecraft:raw_iron":2,"minecraft:wheat":1,"minecraft:rotten_flesh":6,"minecraft:grindstone":1,"iceandfire:dragonbone_sword_fire":2,"minecraft:iron_boots":2,"minecraft:iron_hoe":1,"minecraft:stripped_oak_log":11,"iceandfire:dragonbone_sword_ice":1,"minecraft:stone_slab":5,"minecraft:name_tag":1,"minecraft:golden_shovel":2,"minecraft:rabbit_foot":1,"minecraft:potato":5,"minecraft:stone":1,"minecraft:shield":2,"iceandfire:armor_silver_metal_boots":1,"minecraft:iron_chestplate":3,"minecraft:bundle":1,"minecraft:diamond_pickaxe":1,"minecraft:golden_sword":1,"minecraft:spider_eye":5,"minecraft:bamboo":4,"minecraft:arrow":8,"minecraft:stone_pickaxe":3,"naturalist:duck":2,"luminousworld:beastiary":1},"minecraft:broken":{"minecraft:shield":1,"minecraft:iron_hoe":1},"minecraft:crafted":{"minecraft:cherry_planks":84,"minecraft:grindstone":1,"minecraft:oak_planks":56,"minecraft:leather_boots":1,"minecraft:diamond_hoe":2,"minecraft:furnace":6,"minecraft:stone":4,"minecraft:bookshelf":4,"minecraft:iron_boots":2,"minecraft:iron_axe":1,"minecraft:iron_hoe":2,"minecraft:stone_pickaxe":2,"minecraft:chest":6,"iceandfire:armor_silver_metal_boots":1,"minecraft:oak_slab":18,"minecraft:diamond_sword":1,"iceandfire:silver_ingot":10,"minecraft:crafting_table":4,"minecraft:enchanting_table":1,"minecraft:wooden_pickaxe":1,"minecraft:iron_helmet":2,"minecraft:iron_sword":3,"minecraft:cooked_salmon":11,"minecraft:bucket":1,"minecraft:stone_axe":2,"ribbits:maraca":1,"minecraft:air":0,"iceandfire:armor_silver_metal_helmet":1,"minecraft:lectern":3,"minecraft:iron_chestplate":3,"minecraft:wooden_hoe":1,"minecraft:diamond_pickaxe":2,"minecraft:shield":2,"minecraft:stick":40,"minecraft:stone_slab":6,"minecraft:iron_ingot":77,"minecraft:iron_pickaxe":2,"minecraft:wooden_axe":1,"minecraft:stone_sword":2,"minecraft:iron_leggings":3,"minecraft:torch":48},"minecraft:killed":{"luminousworld:miner_zombie":1,"luminous_monsters:glacial_skeleton":1,"luminous_monsters:miner_zombie":3,"minecraft:spider":13,"iceandfire:stymphalian_bird":13,"naturalist:duck":1,"creeperoverhaul:bamboo_creeper":1,"minecraft:skeleton":30,"luminousworld:miner_skeleton":2,"creeperoverhaul:jungle_creeper":1,"luminousworld:bass_fish":1,"minecraft:drowned":1,"luminous_monsters:miner_skeleton":1,"iceandfire:cyclops":1,"minecraft:rabbit":2,"minecraft:creeper":2,"minecraft:sheep":4,"minecraft:zombie":26,"creeperoverhaul:desert_creeper":1,"iceandfire:ice_dragon":2},"minecraft:killed_by":{"iceandfire:cyclops":4,"minecraft:creeper":2,"minecraft:drowned":1,"minecraft:skeleton":1,"iceandfire:troll":2},"minecraft:mined":{"iceandfire:silver_ore":20,"minecraft:deepslate_diamond_ore":15,"minecraft:sculk_vein":180,"minecraft:cherry_log":22,"minecraft:obsidian":1,"gravestone:gravestone":10,"minecraft:grass_block":10,"iceandfire:deepslate_silver_ore":1,"minecraft:red_mushroom":2,"minecraft:large_fern":9,"minecraft:redstone_ore":1,"minecraft:sculk_catalyst":10,"minecraft:furnace":7,"minecraft:iron_ore":51,"minecraft:fire":17,"minecraft:andesite":4,"minecraft:deepslate_lapis_ore":2,"minecraft:potatoes":3,"minecraft:sculk_shrieker":2,"minecraft:deepslate_iron_ore":1,"minecraft:bookshelf":23,"minecraft:vine":2,"crittersandcompanions:silk_cocoon":1,"minecraft:stone":83,"minecraft:scaffolding":2,"minecraft:soul_fire":2,"minecraft:crafting_table":17,"minecraft:torch":15,"minecraft:chest":2,"luminousworld:grassflowers":1,"minecraft:sculk_sensor":6,"minecraft:tall_grass":24,"minecraft:stone_slab":1,"minecraft:cobblestone":14,"minecraft:sculk":980,"minecraft:sugar_cane":8,"minecraft:grindstone":2,"minecraft:damaged_anvil":1,"minecraft:wall_torch":8,"minecraft:pink_petals":4,"minecraft:white_terracotta":1,"minecraft:coarse_dirt":5,"jewelry:deepslate_gem_vein":2,"minecraft:wheat":5,"minecraft:sweet_berry_bush":4,"minecraft:gray_bed":6,"minecraft:birch_leaves":4,"minecraft:grass":32,"minecraft:coal_ore":28,"luminousworld:ishstone":1,"minecraft:cherry_leaves":1,"minecraft:gravel":1,"minecraft:dripstone_block":3,"minecraft:dirt":5,"minecraft:cobweb":3,"minecraft:small_dripleaf":1,"minecraft:deepslate":53,"minecraft:fern":8}},"DataVersion":3465}