{"stats":{"minecraft:dropped":{"minecraft:grass_block":1},"minecraft:custom":{"minecraft:jump":42,"minecraft:open_chest":10,"minecraft:time_since_rest":7025,"minecraft:crouch_one_cm":19,"minecraft:leave_game":1,"minecraft:play_time":7025,"minecraft:sprint_one_cm":7376,"minecraft:time_since_death":7025,"minecraft:walk_on_water_one_cm":119,"minecraft:walk_one_cm":9560,"minecraft:sneak_time":63,"minecraft:total_world_time":7647,"minecraft:drop":1,"minecraft:fly_one_cm":72523},"minecraft:used":{"minecraft:chest":2,"minecraft:goat_horn":1,"minecraft:grass_block":61}},"DataVersion":3465}