{"stats":{"minecraft:killed":{"minecraft:spider":1,"minecraft:skeleton":1,"minecraft:zombie":8,"luminousworld:bass_fish":1,"iceandfire:ice_dragon":2},"minecraft:mined":{"iceandfire:silver_ore":10,"minecraft:cherry_log":22,"minecraft:crafting_table":3,"minecraft:grass_block":2,"minecraft:pink_petals":2,"minecraft:coarse_dirt":5,"minecraft:furnace":2,"minecraft:iron_ore":35,"minecraft:sweet_berry_bush":1,"minecraft:andesite":4,"minecraft:birch_leaves":2,"minecraft:grass":2,"minecraft:coal_ore":28,"luminousworld:ishstone":1,"minecraft:cherry_leaves":1,"minecraft:dirt":1,"minecraft:stone":45},"minecraft:picked_up":{"minecraft:pink_petals":7,"minecraft:crafting_table":3,"minecraft:coarse_dirt":5,"minecraft:andesite":6,"luminousworld:ishstone":1,"minecraft:string":1,"minecraft:dirt":3,"minecraft:bone":3,"minecraft:iron_ingot":1,"minecraft:stone_pickaxe":1,"minecraft:furnace":2,"luminousworld:bass_item":1,"minecraft:stick":2,"minecraft:raw_iron":34,"minecraft:sweet_berries":2,"minecraft:cherry_log":22,"minecraft:grass_block":1,"minecraft:arrow":2,"minecraft:rotten_flesh":6,"minecraft:cherry_sapling":2,"minecraft:coal":49,"iceandfire:raw_silver":10,"minecraft:cobblestone":54},"minecraft:dropped":{"minecraft:stone_axe":1,"minecraft:stone_sword":1,"minecraft:iron_helmet":1,"minecraft:grass_block":2,"minecraft:arrow":2,"minecraft:stone_pickaxe":2},"minecraft:crafted":{"minecraft:cherry_planks":84,"iceandfire:silver_ingot":10,"minecraft:crafting_table":2,"minecraft:iron_helmet":1,"minecraft:wooden_pickaxe":1,"minecraft:iron_sword":2,"minecraft:furnace":3,"minecraft:bucket":1,"minecraft:stone_axe":2,"minecraft:air":0,"iceandfire:armor_silver_metal_helmet":1,"minecraft:iron_chestplate":1,"minecraft:wooden_hoe":1,"minecraft:shield":1,"minecraft:stick":32,"minecraft:iron_ingot":33,"minecraft:iron_pickaxe":2,"minecraft:stone_pickaxe":2,"minecraft:wooden_axe":1,"minecraft:stone_sword":2,"minecraft:iron_leggings":1,"iceandfire:armor_silver_metal_boots":1,"minecraft:torch":4},"minecraft:custom":{"minecraft:interact_with_furnace":24,"minecraft:mob_kills":15,"minecraft:interact_with_crafting_table":29,"minecraft:leave_game":1,"minecraft:time_since_death":43025,"minecraft:sleep_in_bed":1,"minecraft:time_since_rest":23389,"minecraft:sprint_one_cm":143869,"minecraft:damage_taken":540,"minecraft:walk_one_cm":64950,"minecraft:drop":8,"minecraft:damage_dealt":2258,"minecraft:talked_to_villager":3,"minecraft:swim_one_cm":7413,"minecraft:fly_one_cm":251169,"minecraft:open_chest":18,"minecraft:crouch_one_cm":7347,"minecraft:play_time":43025,"minecraft:sneak_time":3595,"minecraft:walk_under_water_one_cm":4553,"minecraft:jump":919,"minecraft:walk_on_water_one_cm":7676,"minecraft:total_world_time":43647,"minecraft:fall_one_cm":20648},"minecraft:used":{"minecraft:cherry_sapling":2,"minecraft:water_bucket":3,"minecraft:stone_sword":43,"minecraft:stone_pickaxe":82,"minecraft:chest":2,"minecraft:wooden_pickaxe":8,"minecraft:iron_sword":9,"luminousworld:ishstone":1,"minecraft:torch":1,"iceandfire:armor_silver_metal_boots":1,"minecraft:dirt":1,"minecraft:crafting_table":4,"iceandfire:armor_silver_metal_helmet":1,"minecraft:wooden_axe":40,"minecraft:wooden_hoe":16,"minecraft:grass_block":62,"minecraft:iron_pickaxe":36,"minecraft:stone_axe":3,"minecraft:cobblestone":8,"minecraft:sweet_berries":2,"minecraft:goat_horn":3,"minecraft:furnace":2,"minecraft:cooked_porkchop":8,"minecraft:bucket":1,"minecraft:potato":6,"minecraft:coarse_dirt":5,"minecraft:cherry_log":1}},"DataVersion":3465}