{"stats":{"minecraft:custom":{"minecraft:mob_kills":87,"minecraft:interact_with_crafting_table":87,"minecraft:open_barrel":71,"minecraft:eat_cake_slice":7,"minecraft:leave_game":4,"minecraft:time_since_death":6996,"minecraft:climb_one_cm":20703,"minecraft:sprint_one_cm":974302,"minecraft:walk_one_cm":390939,"minecraft:damage_blocked_by_shield":1050,"minecraft:drop":96,"minecraft:talked_to_villager":8,"minecraft:play_time":248334,"minecraft:sneak_time":11924,"minecraft:deaths":10,"minecraft:walk_under_water_one_cm":30062,"minecraft:jump":5046,"minecraft:interact_with_blast_furnace":2,"minecraft:walk_on_water_one_cm":45854,"minecraft:total_world_time":248956,"minecraft:interact_with_furnace":72,"minecraft:traded_with_villager":1,"minecraft:interact_with_grindstone":4,"minecraft:sleep_in_bed":6,"minecraft:time_since_rest":7020,"minecraft:damage_taken":8241,"minecraft:damage_dealt":21608,"minecraft:swim_one_cm":89773,"minecraft:fly_one_cm":1250951,"minecraft:open_chest":174,"minecraft:crouch_one_cm":31282,"minecraft:interact_with_smoker":8,"minecraft:fall_one_cm":141183},"minecraft:dropped":{"minecraft:iron_sword":1,"minecraft:stripped_spruce_log":1,"minecraft:brown_mushroom":6,"minecraft:wheat_seeds":4,"crittersandcompanions:clam":2,"luminousworld:bass_item":1,"minecraft:feather":2,"minecraft:iron_helmet":3,"minecraft:cobblestone":4,"minecraft:grass_block":2,"minecraft:leather_helmet":1,"minecraft:red_mushroom":7,"minecraft:dirt":1,"minecraft:torch":20,"minecraft:wooden_axe":1,"minecraft:gray_bed":1,"minecraft:snowball":20,"jewelry:sapphire":2,"minecraft:iron_leggings":3,"gravestone:obituary":10,"minecraft:oak_stairs":1,"iceandfire:ash":1,"minecraft:iron_pickaxe":1,"iceandfire:armor_silver_metal_helmet":1,"iceandfire:stymphalian_bird_feather":28,"naturalist:duck_egg":2,"minecraft:stone_axe":2,"minecraft:sweet_berries":2,"minecraft:golden_chestplate":2,"minecraft:stone_sword":2,"minecraft:raw_iron":2,"minecraft:wheat":1,"minecraft:rotten_flesh":6,"minecraft:grindstone":1,"iceandfire:dragonbone_sword_fire":2,"minecraft:iron_boots":2,"minecraft:iron_hoe":1,"minecraft:stripped_oak_log":11,"iceandfire:dragonbone_sword_ice":1,"minecraft:stone_slab":5,"minecraft:name_tag":1,"minecraft:golden_shovel":2,"minecraft:rabbit_foot":1,"minecraft:potato":5,"minecraft:stone":1,"minecraft:shield":1,"iceandfire:armor_silver_metal_boots":1,"minecraft:iron_chestplate":3,"minecraft:bundle":1,"minecraft:diamond_pickaxe":1,"minecraft:golden_sword":1,"minecraft:spider_eye":5,"minecraft:bamboo":4,"minecraft:arrow":8,"minecraft:stone_pickaxe":3,"naturalist:duck":2,"luminousworld:beastiary":1},"minecraft:picked_up":{"minecraft:iron_chestplate":1,"minecraft:crafting_table":14,"minecraft:coarse_dirt":5,"minecraft:wheat":1,"jewelry:citrine":1,"minecraft:brown_mushroom":6,"minecraft:oak_stairs":1,"minecraft:golden_shovel":2,"minecraft:shield":1,"minecraft:golden_sword":1,"minecraft:string":11,"minecraft:iron_leggings":1,"minecraft:armor_stand":1,"minecraft:cobbled_deepslate":45,"minecraft:sugar_cane":12,"minecraft:chest":2,"minecraft:spruce_trapdoor":1,"crittersandcompanions:clam":2,"minecraft:iron_boots":1,"minecraft:furnace":7,"minecraft:egg":1,"minecraft:stick":2,"minecraft:raw_iron":153,"naturalist:duck":2,"minecraft:stone":3,"minecraft:copper_ingot":8,"minecraft:torch":24,"minecraft:cherry_log":22,"iceandfire:rotten_egg":1,"luminousworld:beastiary":1,"minecraft:golden_chestplate":2,"minecraft:rabbit_foot":1,"minecraft:rotten_flesh":18,"minecraft:arrow":15,"iceandfire:cyclops_eye":1,"crittersandcompanions:silk":3,"minecraft:saddle":1,"minecraft:mutton":19,"minecraft:snowball":20,"minecraft:white_wool":6,"minecraft:cobblestone":98,"minecraft:stripped_oak_log":11,"minecraft:pink_petals":7,"minecraft:feather":2,"minecraft:andesite":6,"luminousworld:ishstone":1,"minecraft:leather":10,"minecraft:red_mushroom":7,"minecraft:oak_log":14,"minecraft:gunpowder":3,"minecraft:lapis_lazuli":18,"minecraft:dirt":17,"minecraft:bone":30,"jewelry:sapphire":2,"minecraft:wheat_seeds":5,"minecraft:rabbit_hide":1,"minecraft:iron_ingot":17,"minecraft:grindstone":2,"minecraft:stone_pickaxe":1,"minecraft:rabbit":4,"minecraft:bamboo":4,"minecraft:gray_bed":5,"minecraft:book":68,"luminousworld:bass_item":2,"iceandfire:copper_nugget":7,"minecraft:black_candle":1,"minecraft:sweet_berries":10,"iceandfire:ash":1,"minecraft:spyglass":1,"minecraft:dripstone_block":3,"minecraft:gravel":6,"minecraft:stripped_spruce_log":1,"iceandfire:stymphalian_bird_feather":34,"minecraft:grass_block":1,"minecraft:spider_eye":1,"naturalist:duck_egg":2,"minecraft:leather_helmet":2,"minecraft:slime_ball":1,"minecraft:diamond":12,"minecraft:iron_helmet":1,"minecraft:cherry_sapling":2,"minecraft:damaged_anvil":1,"minecraft:coal":200,"iceandfire:raw_silver":21},"minecraft:used":{"creeperoverhaul:jungle_creeper_spawn_egg":1,"minecraft:cherry_sapling":2,"minecraft:stone_sword":43,"minecraft:armor_stand":1,"minecraft:diamond_hoe":181,"minecraft:chest":9,"minecraft:shield":104,"minecraft:iron_sword":503,"minecraft:cooked_salmon":10,"minecraft:torch":45,"minecraft:dirt":14,"minecraft:spyglass":12,"minecraft:diamond_helmet":1,"iceandfire:armor_silver_metal_helmet":1,"minecraft:iron_hoe":251,"minecraft:wooden_axe":40,"minecraft:lava_bucket":3,"minecraft:iron_axe":10,"minecraft:grass_block":62,"minecraft:iron_boots":1,"minecraft:item_frame":5,"minecraft:sweet_berries":2,"minecraft:goat_horn":3,"minecraft:furnace":7,"minecraft:gray_bed":4,"minecraft:egg":1,"minecraft:cooked_beef":6,"minecraft:potato":6,"minecraft:cherry_log":1,"minecraft:iron_leggings":1,"minecraft:water_bucket":21,"minecraft:damaged_anvil":1,"minecraft:stone_pickaxe":82,"minecraft:baked_potato":1,"iceandfire:dragonbone_sword_ice":20,"minecraft:wooden_pickaxe":8,"creeperoverhaul:desert_creeper_spawn_egg":1,"creeperoverhaul:bamboo_creeper_spawn_egg":1,"luminousworld:ishstone":1,"minecraft:leather_boots":1,"iceandfire:armor_silver_metal_boots":1,"minecraft:crafting_table":18,"minecraft:wooden_hoe":16,"minecraft:diamond_pickaxe":7,"iceandfire:dragonbone_sword_fire":47,"minecraft:bread":42,"minecraft:iron_pickaxe":192,"minecraft:stone_axe":30,"minecraft:cobblestone":37,"minecraft:grindstone":1,"minecraft:cooked_porkchop":22,"minecraft:bucket":22,"minecraft:coarse_dirt":5},"minecraft:broken":{"minecraft:shield":1,"minecraft:iron_hoe":1},"minecraft:crafted":{"minecraft:cherry_planks":84,"minecraft:grindstone":1,"minecraft:oak_planks":56,"minecraft:leather_boots":1,"minecraft:diamond_hoe":1,"minecraft:furnace":6,"minecraft:stone":4,"minecraft:iron_boots":2,"minecraft:iron_axe":1,"minecraft:iron_hoe":2,"minecraft:stone_pickaxe":2,"minecraft:chest":5,"iceandfire:armor_silver_metal_boots":1,"iceandfire:silver_ingot":10,"minecraft:crafting_table":4,"minecraft:wooden_pickaxe":1,"minecraft:iron_helmet":2,"minecraft:iron_sword":3,"minecraft:cooked_salmon":11,"minecraft:bucket":1,"minecraft:stone_axe":2,"ribbits:maraca":1,"minecraft:air":0,"iceandfire:armor_silver_metal_helmet":1,"minecraft:iron_chestplate":3,"minecraft:wooden_hoe":1,"minecraft:diamond_pickaxe":2,"minecraft:shield":2,"minecraft:stick":36,"minecraft:stone_slab":6,"minecraft:iron_ingot":77,"minecraft:iron_pickaxe":2,"minecraft:wooden_axe":1,"minecraft:stone_sword":2,"minecraft:iron_leggings":3,"minecraft:torch":48},"minecraft:killed":{"luminousworld:miner_zombie":1,"luminous_monsters:glacial_skeleton":1,"luminous_monsters:miner_zombie":3,"minecraft:spider":7,"iceandfire:stymphalian_bird":13,"naturalist:duck":1,"creeperoverhaul:bamboo_creeper":1,"minecraft:skeleton":16,"luminousworld:miner_skeleton":2,"creeperoverhaul:jungle_creeper":1,"luminousworld:bass_fish":1,"minecraft:drowned":1,"luminous_monsters:miner_skeleton":1,"iceandfire:cyclops":1,"minecraft:rabbit":2,"minecraft:creeper":2,"minecraft:sheep":4,"minecraft:zombie":22,"creeperoverhaul:desert_creeper":1,"iceandfire:ice_dragon":2},"minecraft:killed_by":{"iceandfire:cyclops":4,"minecraft:creeper":2,"minecraft:drowned":1,"minecraft:skeleton":1,"iceandfire:troll":2},"minecraft:mined":{"iceandfire:silver_ore":20,"minecraft:deepslate_diamond_ore":12,"minecraft:sculk_vein":76,"minecraft:cherry_log":22,"gravestone:gravestone":10,"minecraft:grass_block":3,"iceandfire:deepslate_silver_ore":1,"minecraft:red_mushroom":2,"minecraft:large_fern":8,"minecraft:redstone_ore":1,"minecraft:sculk_catalyst":4,"minecraft:furnace":7,"minecraft:iron_ore":51,"minecraft:fire":17,"minecraft:andesite":4,"minecraft:deepslate_lapis_ore":2,"minecraft:sculk_shrieker":1,"minecraft:deepslate_iron_ore":1,"minecraft:bookshelf":23,"minecraft:vine":2,"crittersandcompanions:silk_cocoon":1,"minecraft:stone":81,"minecraft:scaffolding":2,"minecraft:soul_fire":2,"minecraft:crafting_table":15,"minecraft:torch":15,"minecraft:chest":2,"minecraft:sculk_sensor":5,"minecraft:tall_grass":24,"minecraft:stone_slab":1,"minecraft:cobblestone":14,"minecraft:sculk":345,"minecraft:sugar_cane":8,"minecraft:grindstone":2,"minecraft:damaged_anvil":1,"minecraft:wall_torch":7,"minecraft:pink_petals":3,"minecraft:white_terracotta":1,"minecraft:coarse_dirt":5,"jewelry:deepslate_gem_vein":2,"minecraft:sweet_berry_bush":4,"minecraft:gray_bed":4,"minecraft:birch_leaves":4,"minecraft:grass":29,"minecraft:coal_ore":28,"luminousworld:ishstone":1,"minecraft:cherry_leaves":1,"minecraft:dripstone_block":3,"minecraft:dirt":5,"minecraft:cobweb":3,"minecraft:small_dripleaf":1,"minecraft:deepslate":50,"minecraft:fern":8}},"DataVersion":3465}