{"stats":{"minecraft:killed":{"luminousworld:miner_zombie":1,"luminous_monsters:glacial_skeleton":1,"luminous_monsters:miner_zombie":3,"minecraft:spider":1,"iceandfire:stymphalian_bird":13,"naturalist:duck":1,"minecraft:skeleton":1,"luminousworld:miner_skeleton":2,"luminousworld:bass_fish":1,"luminous_monsters:miner_skeleton":1,"iceandfire:cyclops":1,"minecraft:sheep":4,"minecraft:zombie":14,"iceandfire:ice_dragon":2},"minecraft:mined":{"iceandfire:silver_ore":13,"minecraft:deepslate_diamond_ore":3,"minecraft:cherry_log":22,"minecraft:grass_block":2,"minecraft:red_mushroom":2,"minecraft:large_fern":1,"minecraft:redstone_ore":1,"minecraft:furnace":2,"minecraft:iron_ore":35,"minecraft:fire":5,"minecraft:andesite":4,"minecraft:deepslate_lapis_ore":2,"minecraft:vine":2,"minecraft:stone":45,"minecraft:scaffolding":2,"minecraft:crafting_table":4,"minecraft:torch":5,"minecraft:tall_grass":2,"minecraft:cobblestone":7,"minecraft:sugar_cane":3,"minecraft:wall_torch":1,"minecraft:pink_petals":2,"minecraft:coarse_dirt":5,"minecraft:sweet_berry_bush":1,"minecraft:birch_leaves":4,"minecraft:grass":4,"minecraft:coal_ore":28,"luminousworld:ishstone":1,"minecraft:cherry_leaves":1,"minecraft:dripstone_block":3,"minecraft:dirt":1,"minecraft:cobweb":3,"minecraft:deepslate":9,"minecraft:fern":1},"minecraft:broken":{"minecraft:shield":1},"minecraft:picked_up":{"minecraft:coarse_dirt":5,"minecraft:crafting_table":4,"minecraft:brown_mushroom":6,"minecraft:string":4,"minecraft:armor_stand":1,"minecraft:cobbled_deepslate":9,"minecraft:sugar_cane":6,"minecraft:furnace":2,"minecraft:egg":1,"minecraft:raw_iron":34,"minecraft:stick":2,"naturalist:duck":1,"minecraft:copper_ingot":8,"minecraft:torch":7,"minecraft:cherry_log":22,"iceandfire:rotten_egg":1,"luminousworld:beastiary":1,"minecraft:rotten_flesh":12,"minecraft:arrow":3,"iceandfire:cyclops_eye":1,"minecraft:saddle":1,"minecraft:mutton":9,"minecraft:white_wool":6,"minecraft:cobblestone":58,"minecraft:pink_petals":7,"minecraft:feather":2,"minecraft:andesite":6,"luminousworld:ishstone":1,"minecraft:leather":10,"minecraft:red_mushroom":7,"minecraft:lapis_lazuli":18,"minecraft:dirt":12,"minecraft:bone":9,"minecraft:stone_pickaxe":1,"minecraft:iron_ingot":9,"luminousworld:bass_item":2,"iceandfire:copper_nugget":7,"minecraft:sweet_berries":2,"minecraft:dripstone_block":3,"minecraft:gravel":6,"iceandfire:stymphalian_bird_feather":34,"minecraft:grass_block":1,"naturalist:duck_egg":2,"minecraft:leather_helmet":2,"minecraft:diamond":3,"minecraft:cherry_sapling":2,"minecraft:coal":49,"iceandfire:raw_silver":13},"minecraft:dropped":{"minecraft:brown_mushroom":6,"luminousworld:bass_item":1,"minecraft:feather":2,"minecraft:iron_helmet":1,"minecraft:cobblestone":4,"minecraft:grass_block":2,"minecraft:leather_helmet":1,"minecraft:red_mushroom":7,"minecraft:torch":16,"minecraft:wooden_axe":1,"minecraft:iron_leggings":1,"iceandfire:stymphalian_bird_feather":28,"naturalist:duck_egg":2,"minecraft:stone_axe":1,"minecraft:stone_sword":1,"iceandfire:dragonbone_sword_fire":1,"iceandfire:dragonbone_sword_ice":1,"minecraft:name_tag":1,"minecraft:arrow":2,"minecraft:stone_pickaxe":2,"naturalist:duck":1},"minecraft:crafted":{"minecraft:cherry_planks":84,"minecraft:furnace":3,"minecraft:stone_pickaxe":2,"iceandfire:armor_silver_metal_boots":1,"iceandfire:silver_ingot":10,"minecraft:crafting_table":2,"minecraft:wooden_pickaxe":1,"minecraft:iron_helmet":1,"minecraft:iron_sword":2,"minecraft:cooked_salmon":11,"minecraft:bucket":1,"minecraft:stone_axe":2,"ribbits:maraca":1,"minecraft:air":0,"iceandfire:armor_silver_metal_helmet":1,"minecraft:iron_chestplate":1,"minecraft:wooden_hoe":1,"minecraft:shield":1,"minecraft:stick":32,"minecraft:iron_ingot":33,"minecraft:iron_pickaxe":2,"minecraft:wooden_axe":1,"minecraft:stone_sword":2,"minecraft:iron_leggings":1,"minecraft:torch":48},"minecraft:custom":{"minecraft:mob_kills":49,"minecraft:interact_with_crafting_table":33,"minecraft:open_barrel":36,"minecraft:eat_cake_slice":4,"minecraft:leave_game":1,"minecraft:time_since_death":91025,"minecraft:climb_one_cm":14630,"minecraft:sprint_one_cm":386410,"minecraft:walk_one_cm":146933,"minecraft:damage_blocked_by_shield":465,"minecraft:drop":24,"minecraft:talked_to_villager":5,"minecraft:play_time":91025,"minecraft:sneak_time":5782,"minecraft:walk_under_water_one_cm":12669,"minecraft:jump":1837,"minecraft:interact_with_blast_furnace":2,"minecraft:walk_on_water_one_cm":17305,"minecraft:total_world_time":91647,"minecraft:interact_with_furnace":28,"minecraft:traded_with_villager":1,"minecraft:sleep_in_bed":3,"minecraft:time_since_rest":2520,"minecraft:damage_taken":1298,"minecraft:damage_dealt":11387,"minecraft:swim_one_cm":12943,"minecraft:fly_one_cm":592908,"minecraft:open_chest":51,"minecraft:crouch_one_cm":11672,"minecraft:interact_with_smoker":8,"minecraft:fall_one_cm":45951},"minecraft:used":{"minecraft:cherry_sapling":2,"minecraft:stone_sword":43,"minecraft:chest":2,"minecraft:shield":98,"minecraft:iron_sword":211,"minecraft:torch":16,"minecraft:dirt":1,"iceandfire:armor_silver_metal_helmet":1,"minecraft:wooden_axe":40,"minecraft:grass_block":62,"minecraft:sweet_berries":2,"minecraft:furnace":2,"minecraft:goat_horn":3,"minecraft:egg":1,"minecraft:potato":6,"minecraft:cherry_log":1,"minecraft:water_bucket":7,"minecraft:stone_pickaxe":82,"iceandfire:dragonbone_sword_ice":20,"minecraft:wooden_pickaxe":8,"luminousworld:ishstone":1,"iceandfire:armor_silver_metal_boots":1,"minecraft:crafting_table":5,"minecraft:wooden_hoe":16,"iceandfire:dragonbone_sword_fire":27,"minecraft:iron_pickaxe":66,"minecraft:stone_axe":4,"minecraft:cobblestone":20,"minecraft:cooked_porkchop":18,"minecraft:bucket":5,"minecraft:coarse_dirt":5}},"DataVersion":3465}