{"stats":{"minecraft:mined":{"iceandfire:silver_ore":17,"minecraft:deepslate_diamond_ore":3,"minecraft:cherry_log":22,"gravestone:gravestone":4,"minecraft:grass_block":3,"minecraft:red_mushroom":2,"minecraft:large_fern":8,"minecraft:redstone_ore":1,"minecraft:furnace":2,"minecraft:iron_ore":35,"minecraft:fire":15,"minecraft:andesite":4,"minecraft:deepslate_lapis_ore":2,"minecraft:bookshelf":23,"minecraft:vine":2,"crittersandcompanions:silk_cocoon":1,"minecraft:stone":49,"minecraft:scaffolding":2,"minecraft:crafting_table":5,"minecraft:torch":9,"minecraft:chest":2,"minecraft:stone_slab":1,"minecraft:tall_grass":24,"minecraft:cobblestone":11,"minecraft:grindstone":1,"minecraft:sugar_cane":7,"minecraft:damaged_anvil":1,"minecraft:wall_torch":3,"minecraft:pink_petals":3,"minecraft:white_terracotta":1,"minecraft:coarse_dirt":5,"minecraft:sweet_berry_bush":1,"minecraft:gray_bed":4,"minecraft:birch_leaves":4,"minecraft:grass":29,"minecraft:coal_ore":28,"luminousworld:ishstone":1,"minecraft:cherry_leaves":1,"minecraft:dripstone_block":3,"minecraft:dirt":5,"minecraft:cobweb":3,"minecraft:small_dripleaf":1,"minecraft:deepslate":9,"minecraft:fern":8},"minecraft:broken":{"minecraft:shield":1},"minecraft:dropped":{"minecraft:stripped_spruce_log":1,"minecraft:brown_mushroom":6,"minecraft:wheat_seeds":1,"luminousworld:bass_item":1,"minecraft:iron_helmet":1,"minecraft:feather":2,"minecraft:cobblestone":4,"minecraft:grass_block":2,"minecraft:leather_helmet":1,"minecraft:red_mushroom":7,"minecraft:torch":20,"minecraft:gray_bed":1,"minecraft:wooden_axe":1,"minecraft:iron_leggings":1,"minecraft:oak_stairs":1,"gravestone:obituary":4,"iceandfire:ash":1,"iceandfire:armor_silver_metal_helmet":1,"iceandfire:stymphalian_bird_feather":28,"naturalist:duck_egg":2,"minecraft:stone_axe":2,"minecraft:stone_sword":2,"minecraft:rotten_flesh":1,"minecraft:grindstone":1,"iceandfire:dragonbone_sword_fire":2,"minecraft:stripped_oak_log":11,"iceandfire:dragonbone_sword_ice":1,"minecraft:name_tag":1,"minecraft:rabbit_foot":1,"minecraft:shield":1,"iceandfire:armor_silver_metal_boots":1,"minecraft:bundle":1,"minecraft:spider_eye":5,"minecraft:arrow":4,"minecraft:stone_pickaxe":3,"naturalist:duck":2,"luminousworld:beastiary":1},"minecraft:killed":{"luminousworld:miner_zombie":1,"luminous_monsters:glacial_skeleton":1,"luminous_monsters:miner_zombie":3,"minecraft:spider":2,"naturalist:duck":1,"iceandfire:stymphalian_bird":13,"minecraft:skeleton":5,"luminousworld:miner_skeleton":2,"luminousworld:bass_fish":1,"luminous_monsters:miner_skeleton":1,"iceandfire:cyclops":1,"minecraft:sheep":4,"minecraft:zombie":16,"iceandfire:ice_dragon":2},"minecraft:used":{"minecraft:cherry_sapling":2,"minecraft:stone_sword":43,"minecraft:armor_stand":1,"minecraft:chest":9,"minecraft:shield":98,"minecraft:iron_sword":351,"minecraft:cooked_salmon":10,"minecraft:torch":26,"minecraft:dirt":14,"minecraft:spyglass":4,"iceandfire:armor_silver_metal_helmet":1,"minecraft:wooden_axe":40,"minecraft:lava_bucket":3,"minecraft:grass_block":62,"minecraft:item_frame":5,"minecraft:sweet_berries":2,"minecraft:furnace":2,"minecraft:goat_horn":3,"minecraft:gray_bed":4,"minecraft:egg":1,"minecraft:cooked_beef":3,"minecraft:potato":6,"minecraft:cherry_log":1,"minecraft:water_bucket":14,"minecraft:damaged_anvil":1,"minecraft:stone_pickaxe":82,"minecraft:baked_potato":1,"iceandfire:dragonbone_sword_ice":20,"minecraft:wooden_pickaxe":8,"luminousworld:ishstone":1,"iceandfire:armor_silver_metal_boots":1,"minecraft:crafting_table":7,"minecraft:wooden_hoe":16,"minecraft:bread":12,"iceandfire:dragonbone_sword_fire":47,"minecraft:iron_pickaxe":83,"minecraft:stone_axe":30,"minecraft:cobblestone":25,"minecraft:cooked_porkchop":22,"minecraft:bucket":15,"minecraft:coarse_dirt":5},"minecraft:killed_by":{"iceandfire:cyclops":4},"minecraft:custom":{"minecraft:mob_kills":57,"minecraft:interact_with_crafting_table":51,"minecraft:open_barrel":51,"minecraft:eat_cake_slice":7,"minecraft:leave_game":3,"minecraft:time_since_death":41267,"minecraft:climb_one_cm":20197,"minecraft:sprint_one_cm":767774,"minecraft:walk_one_cm":299873,"minecraft:damage_blocked_by_shield":465,"minecraft:drop":54,"minecraft:talked_to_villager":8,"minecraft:play_time":182985,"minecraft:deaths":4,"minecraft:sneak_time":6985,"minecraft:walk_under_water_one_cm":17700,"minecraft:jump":3911,"minecraft:interact_with_blast_furnace":2,"minecraft:walk_on_water_one_cm":27053,"minecraft:total_world_time":183607,"minecraft:interact_with_furnace":34,"minecraft:traded_with_villager":1,"minecraft:interact_with_grindstone":1,"minecraft:sleep_in_bed":6,"minecraft:time_since_rest":951,"minecraft:damage_taken":4821,"minecraft:damage_dealt":15480,"minecraft:swim_one_cm":61260,"minecraft:fly_one_cm":1093608,"minecraft:open_chest":164,"minecraft:crouch_one_cm":15482,"minecraft:interact_with_smoker":8,"minecraft:fall_one_cm":112560},"minecraft:crafted":{"minecraft:cherry_planks":84,"minecraft:oak_planks":56,"minecraft:furnace":3,"minecraft:iron_boots":1,"minecraft:iron_axe":1,"minecraft:stone_pickaxe":2,"minecraft:chest":5,"iceandfire:armor_silver_metal_boots":1,"iceandfire:silver_ingot":10,"minecraft:crafting_table":3,"minecraft:wooden_pickaxe":1,"minecraft:iron_helmet":1,"minecraft:iron_sword":2,"minecraft:cooked_salmon":11,"minecraft:bucket":1,"minecraft:stone_axe":2,"ribbits:maraca":1,"minecraft:air":0,"iceandfire:armor_silver_metal_helmet":1,"minecraft:iron_chestplate":1,"minecraft:wooden_hoe":1,"minecraft:shield":2,"minecraft:stick":36,"minecraft:iron_ingot":33,"minecraft:iron_pickaxe":2,"minecraft:wooden_axe":1,"minecraft:stone_sword":2,"minecraft:iron_leggings":1,"minecraft:torch":48},"minecraft:picked_up":{"minecraft:crafting_table":5,"minecraft:coarse_dirt":5,"minecraft:brown_mushroom":6,"minecraft:oak_stairs":1,"minecraft:shield":1,"minecraft:string":5,"minecraft:armor_stand":1,"minecraft:cobbled_deepslate":9,"minecraft:sugar_cane":9,"minecraft:chest":2,"minecraft:egg":1,"minecraft:furnace":2,"minecraft:stick":2,"minecraft:raw_iron":34,"naturalist:duck":2,"minecraft:copper_ingot":8,"minecraft:torch":14,"iceandfire:rotten_egg":1,"minecraft:cherry_log":22,"luminousworld:beastiary":1,"minecraft:rabbit_foot":1,"minecraft:rotten_flesh":13,"minecraft:arrow":4,"iceandfire:cyclops_eye":1,"crittersandcompanions:silk":3,"minecraft:saddle":1,"minecraft:mutton":19,"minecraft:white_wool":6,"minecraft:cobblestone":66,"minecraft:stripped_oak_log":11,"minecraft:pink_petals":7,"minecraft:feather":2,"minecraft:andesite":6,"luminousworld:ishstone":1,"minecraft:leather":10,"minecraft:red_mushroom":7,"minecraft:oak_log":14,"minecraft:lapis_lazuli":18,"minecraft:dirt":16,"minecraft:bone":10,"minecraft:wheat_seeds":2,"minecraft:grindstone":1,"minecraft:stone_pickaxe":1,"minecraft:iron_ingot":9,"minecraft:gray_bed":5,"minecraft:book":68,"luminousworld:bass_item":2,"iceandfire:copper_nugget":7,"minecraft:black_candle":1,"minecraft:sweet_berries":2,"iceandfire:ash":1,"minecraft:spyglass":1,"minecraft:gravel":6,"minecraft:dripstone_block":3,"minecraft:stripped_spruce_log":1,"iceandfire:stymphalian_bird_feather":34,"minecraft:grass_block":1,"minecraft:spider_eye":1,"naturalist:duck_egg":2,"minecraft:leather_helmet":2,"minecraft:slime_ball":1,"minecraft:diamond":3,"minecraft:cherry_sapling":2,"minecraft:damaged_anvil":1,"minecraft:coal":49,"iceandfire:raw_silver":17}},"DataVersion":3465}