{"stats":{"minecraft:killed":{"minecraft:zombie":2},"minecraft:mined":{"minecraft:pink_petals":2,"minecraft:sweet_berry_bush":1,"minecraft:cherry_log":22,"minecraft:crafting_table":2,"minecraft:grass":1,"minecraft:coal_ore":2,"minecraft:cherry_leaves":1,"minecraft:stone":22},"minecraft:picked_up":{"minecraft:pink_petals":7,"minecraft:stick":2,"minecraft:crafting_table":2,"minecraft:sweet_berries":2,"minecraft:cherry_log":22,"minecraft:grass_block":1,"minecraft:string":1,"minecraft:rotten_flesh":2,"minecraft:stone_pickaxe":1,"minecraft:cherry_sapling":2,"minecraft:coal":2,"minecraft:cobblestone":22},"minecraft:dropped":{"minecraft:stone_axe":1,"minecraft:stone_sword":1,"minecraft:stone_pickaxe":2,"minecraft:grass_block":2},"minecraft:crafted":{"minecraft:cherry_planks":84,"minecraft:crafting_table":1,"minecraft:stick":16,"minecraft:wooden_pickaxe":1,"minecraft:stone_pickaxe":2,"minecraft:wooden_axe":1,"minecraft:stone_sword":2,"minecraft:torch":4,"minecraft:stone_axe":2},"minecraft:custom":{"minecraft:time_since_rest":19025,"minecraft:sprint_one_cm":58872,"minecraft:damage_taken":245,"minecraft:walk_one_cm":29416,"minecraft:mob_kills":2,"minecraft:drop":6,"minecraft:damage_dealt":358,"minecraft:interact_with_crafting_table":8,"minecraft:fly_one_cm":151859,"minecraft:open_chest":16,"minecraft:crouch_one_cm":1139,"minecraft:play_time":19025,"minecraft:sneak_time":628,"minecraft:jump":412,"minecraft:leave_game":1,"minecraft:time_since_death":19025,"minecraft:walk_on_water_one_cm":737,"minecraft:total_world_time":19647,"minecraft:fall_one_cm":11436},"minecraft:used":{"minecraft:wooden_axe":40,"minecraft:cherry_sapling":2,"minecraft:grass_block":62,"minecraft:stone_pickaxe":16,"minecraft:chest":2,"minecraft:wooden_pickaxe":8,"minecraft:stone_axe":1,"minecraft:sweet_berries":2,"minecraft:crafting_table":3,"minecraft:goat_horn":3,"minecraft:cooked_porkchop":3,"minecraft:cherry_log":1}},"DataVersion":3465}