{"stats":{"minecraft:killed":{"luminousworld:miner_zombie":1,"luminous_monsters:glacial_skeleton":1,"luminous_monsters:miner_zombie":3,"minecraft:spider":1,"minecraft:sheep":4,"minecraft:skeleton":1,"minecraft:zombie":11,"luminousworld:miner_skeleton":2,"luminousworld:bass_fish":1,"iceandfire:ice_dragon":2,"luminous_monsters:miner_skeleton":1},"minecraft:mined":{"iceandfire:silver_ore":13,"minecraft:deepslate_diamond_ore":3,"minecraft:cherry_log":22,"minecraft:crafting_table":3,"minecraft:torch":3,"minecraft:grass_block":2,"minecraft:tall_grass":1,"minecraft:cobblestone":7,"minecraft:red_mushroom":2,"minecraft:pink_petals":2,"minecraft:redstone_ore":1,"minecraft:coarse_dirt":5,"minecraft:furnace":2,"minecraft:iron_ore":35,"minecraft:sweet_berry_bush":1,"minecraft:andesite":4,"minecraft:birch_leaves":2,"minecraft:deepslate_lapis_ore":2,"minecraft:grass":2,"minecraft:coal_ore":28,"luminousworld:ishstone":1,"minecraft:vine":2,"minecraft:cherry_leaves":1,"minecraft:dripstone_block":3,"minecraft:dirt":1,"minecraft:cobweb":3,"minecraft:stone":45,"minecraft:fern":1,"minecraft:deepslate":9},"minecraft:picked_up":{"minecraft:pink_petals":7,"minecraft:crafting_table":3,"minecraft:coarse_dirt":5,"minecraft:andesite":6,"luminousworld:ishstone":1,"minecraft:brown_mushroom":6,"minecraft:red_mushroom":7,"minecraft:lapis_lazuli":18,"minecraft:string":2,"minecraft:dirt":12,"minecraft:bone":9,"minecraft:cobbled_deepslate":9,"minecraft:iron_ingot":3,"minecraft:stone_pickaxe":1,"minecraft:egg":1,"minecraft:furnace":2,"luminousworld:bass_item":1,"minecraft:stick":2,"minecraft:raw_iron":34,"minecraft:sweet_berries":2,"minecraft:torch":4,"minecraft:gravel":6,"minecraft:dripstone_block":3,"iceandfire:rotten_egg":1,"minecraft:cherry_log":22,"luminousworld:beastiary":1,"minecraft:grass_block":1,"minecraft:arrow":3,"minecraft:rotten_flesh":10,"minecraft:diamond":3,"minecraft:cherry_sapling":2,"minecraft:mutton":5,"minecraft:coal":49,"minecraft:white_wool":4,"iceandfire:raw_silver":13,"minecraft:cobblestone":58},"minecraft:dropped":{"minecraft:stone_axe":1,"minecraft:brown_mushroom":6,"minecraft:stone_sword":1,"minecraft:iron_helmet":1,"iceandfire:dragonbone_sword_ice":1,"minecraft:grass_block":2,"minecraft:red_mushroom":7,"minecraft:torch":16,"minecraft:wooden_axe":1,"minecraft:iron_leggings":1,"minecraft:arrow":2,"minecraft:stone_pickaxe":2},"minecraft:crafted":{"minecraft:cherry_planks":84,"iceandfire:silver_ingot":10,"minecraft:crafting_table":2,"minecraft:iron_helmet":1,"minecraft:wooden_pickaxe":1,"minecraft:iron_sword":2,"minecraft:furnace":3,"minecraft:bucket":1,"minecraft:stone_axe":2,"minecraft:air":0,"iceandfire:armor_silver_metal_helmet":1,"minecraft:iron_chestplate":1,"minecraft:wooden_hoe":1,"minecraft:shield":1,"minecraft:stick":32,"minecraft:iron_ingot":33,"minecraft:iron_pickaxe":2,"minecraft:stone_pickaxe":2,"minecraft:wooden_axe":1,"minecraft:stone_sword":2,"minecraft:iron_leggings":1,"iceandfire:armor_silver_metal_boots":1,"minecraft:torch":48},"minecraft:custom":{"minecraft:interact_with_furnace":27,"minecraft:mob_kills":31,"minecraft:interact_with_crafting_table":30,"minecraft:open_barrel":20,"minecraft:leave_game":1,"minecraft:time_since_death":67025,"minecraft:sleep_in_bed":1,"minecraft:climb_one_cm":12981,"minecraft:time_since_rest":47389,"minecraft:sprint_one_cm":294242,"minecraft:damage_taken":737,"minecraft:walk_one_cm":112035,"minecraft:damage_blocked_by_shield":75,"minecraft:drop":14,"minecraft:damage_dealt":7158,"minecraft:talked_to_villager":3,"minecraft:swim_one_cm":12442,"minecraft:fly_one_cm":351507,"minecraft:open_chest":32,"minecraft:crouch_one_cm":9987,"minecraft:play_time":67025,"minecraft:sneak_time":4496,"minecraft:walk_under_water_one_cm":7640,"minecraft:jump":1355,"minecraft:walk_on_water_one_cm":12168,"minecraft:total_world_time":67647,"minecraft:fall_one_cm":30721},"minecraft:used":{"minecraft:cherry_sapling":2,"minecraft:water_bucket":3,"minecraft:stone_sword":43,"minecraft:stone_pickaxe":82,"minecraft:shield":4,"iceandfire:dragonbone_sword_ice":20,"minecraft:chest":2,"minecraft:wooden_pickaxe":8,"minecraft:iron_sword":73,"luminousworld:ishstone":1,"minecraft:torch":13,"iceandfire:armor_silver_metal_boots":1,"minecraft:dirt":1,"minecraft:crafting_table":4,"iceandfire:armor_silver_metal_helmet":1,"minecraft:wooden_axe":40,"minecraft:wooden_hoe":16,"minecraft:grass_block":62,"minecraft:iron_pickaxe":64,"minecraft:stone_axe":3,"minecraft:cobblestone":19,"minecraft:sweet_berries":2,"minecraft:goat_horn":3,"minecraft:furnace":2,"minecraft:cooked_porkchop":12,"minecraft:bucket":1,"minecraft:egg":1,"minecraft:potato":6,"minecraft:coarse_dirt":5,"minecraft:cherry_log":1}},"DataVersion":3465}