{"stats":{"minecraft:mined":{"minecraft:grass":1},"minecraft:picked_up":{"minecraft:stone_sword":1,"minecraft:arrow":2,"minecraft:stone_axe":1,"minecraft:iron_helmet":1,"iceandfire:dragonegg_blue":1,"minecraft:stone_pickaxe":1,"minecraft:string":2,"minecraft:egg":2},"minecraft:custom":{"minecraft:time_since_rest":9990,"minecraft:open_chest":9,"minecraft:crouch_one_cm":2154,"minecraft:play_time":40493,"minecraft:sprint_one_cm":117784,"minecraft:damage_taken":125,"minecraft:walk_one_cm":80838,"minecraft:sneak_time":1600,"minecraft:walk_under_water_one_cm":2686,"minecraft:jump":608,"minecraft:damage_dealt":77,"minecraft:time_since_death":40493,"minecraft:walk_on_water_one_cm":21110,"minecraft:sleep_in_bed":2,"minecraft:total_world_time":40493,"minecraft:swim_one_cm":13272,"minecraft:talked_to_villager":2,"minecraft:fall_one_cm":11826,"minecraft:fly_one_cm":194190},"minecraft:used":{"minecraft:potion":1,"minecraft:goat_horn":6,"minecraft:cooked_porkchop":4,"iceandfire:dragon_horn":8,"iceandfire:dragonegg_blue":4,"minecraft:egg":2}},"DataVersion":3465}