{"stats":{"minecraft:killed":{"luminousworld:miner_zombie":3,"luminous_monsters:glacial_skeleton":1,"iceandfire:stymphalian_bird":2},"minecraft:mined":{"minecraft:redstone_ore":17,"minecraft:grass":1,"luminousworld:grassflowers":1,"minecraft:mushroom_stem":1,"minecraft:cobblestone":18,"minecraft:gold_ore":19,"minecraft:deepslate":1},"minecraft:picked_up":{"iceandfire:copper_nugget":11,"naturalist:duck":1,"minecraft:copper_ingot":9,"minecraft:torch":16,"iceandfire:stymphalian_bird_feather":6,"minecraft:redstone":81,"minecraft:string":2,"naturalist:duck_egg":1,"minecraft:name_tag":1,"minecraft:iron_leggings":1,"luminousworld:grassflowers":1,"minecraft:stone_sword":1,"minecraft:bone":1,"minecraft:arrow":7,"minecraft:rotten_flesh":3,"minecraft:stone_axe":1,"minecraft:raw_gold":19,"minecraft:iron_helmet":1,"minecraft:iron_ingot":19,"iceandfire:dragonegg_blue":1,"minecraft:stone_pickaxe":1,"minecraft:egg":3,"minecraft:cobblestone":16},"minecraft:dropped":{"minecraft:redstone":64,"luminousworld:beastiary":1},"minecraft:custom":{"minecraft:time_since_rest":2520,"minecraft:walk_one_cm":244905,"minecraft:sprint_one_cm":271597,"minecraft:damage_taken":678,"minecraft:interact_with_anvil":2,"minecraft:mob_kills":6,"minecraft:drop":2,"minecraft:damage_dealt":3106,"minecraft:swim_one_cm":18831,"minecraft:talked_to_villager":7,"minecraft:fly_one_cm":383375,"minecraft:open_barrel":11,"minecraft:open_chest":47,"minecraft:crouch_one_cm":2719,"minecraft:play_time":88493,"minecraft:sneak_time":2038,"minecraft:walk_under_water_one_cm":3420,"minecraft:interact_with_brewingstand":2,"minecraft:jump":1154,"minecraft:walk_on_water_one_cm":23189,"minecraft:time_since_death":88493,"minecraft:sleep_in_bed":5,"minecraft:total_world_time":88493,"minecraft:climb_one_cm":17677,"minecraft:fall_one_cm":18906},"minecraft:used":{"minecraft:netherite_sword":3,"minecraft:iron_pickaxe":55,"iceandfire:dragon_horn":9,"minecraft:iron_sword":96,"minecraft:torch":2,"minecraft:potion":3,"minecraft:goat_horn":9,"minecraft:cooked_porkchop":12,"iceandfire:dragonegg_blue":4,"minecraft:egg":3}},"DataVersion":3465}