{"stats":{"minecraft:custom":{"minecraft:interact_with_smithing_table":1,"minecraft:mob_kills":26,"minecraft:interact_with_anvil":4,"minecraft:interact_with_crafting_table":3,"minecraft:open_barrel":53,"minecraft:leave_game":3,"minecraft:time_since_death":25614,"minecraft:climb_one_cm":30702,"minecraft:sprint_one_cm":687782,"minecraft:walk_one_cm":765659,"minecraft:drop":28,"minecraft:talked_to_villager":25,"minecraft:play_time":245473,"minecraft:deaths":7,"minecraft:sneak_time":5772,"minecraft:walk_under_water_one_cm":8692,"minecraft:jump":3928,"minecraft:interact_with_brewingstand":2,"minecraft:walk_on_water_one_cm":42350,"minecraft:total_world_time":245473,"minecraft:interact_with_furnace":2,"minecraft:interact_with_grindstone":1,"minecraft:sleep_in_bed":9,"minecraft:time_since_rest":25701,"minecraft:damage_taken":5416,"minecraft:damage_dealt":7539,"minecraft:swim_one_cm":68102,"minecraft:fly_one_cm":1475967,"minecraft:open_chest":118,"minecraft:crouch_one_cm":12190,"minecraft:fall_one_cm":70321},"minecraft:dropped":{"minecraft:wheat_seeds":1,"minecraft:oak_log":4,"minecraft:iron_helmet":1,"minecraft:cobblestone":7,"minecraft:coal":32,"minecraft:dirt":1,"minecraft:iron_leggings":1,"gravestone:obituary":5,"minecraft:white_wool":2,"minecraft:bone":1,"minecraft:redstone":68,"minecraft:gravel":5,"minecraft:sweet_berries":2,"minecraft:spyglass":1,"minecraft:cobbled_deepslate":1,"minecraft:raw_iron":65,"minecraft:iron_boots":1,"minecraft:stripped_oak_log":1,"luminousworld:yellow_grassflowers":1,"minecraft:gunpowder":1,"minecraft:iron_chestplate":1,"luminousworld:beastiary":1},"minecraft:used":{"minecraft:netherite_sword":3,"minecraft:iron_sword":191,"minecraft:torch":13,"minecraft:dirt":1,"luminousworld:grassflowers":5,"iceandfire:dragonegg_blue":4,"minecraft:iron_hoe":250,"minecraft:bow":77,"minecraft:goat_horn":13,"minecraft:egg":3,"ribbits:swamp_daisy":2,"iceandfire:dragonbone_sword_ice":21,"luminousworld:yellow_grassflowers":4,"naturalist:duck_egg":2,"minecraft:oak_slab":1,"minecraft:crafting_table":1,"minecraft:oak_log":2,"minecraft:diamond_pickaxe":78,"iceandfire:dragon_horn":12,"minecraft:iron_pickaxe":221,"minecraft:stone_axe":2,"minecraft:pink_petals":1,"minecraft:cobblestone":19,"minecraft:potion":12,"minecraft:purple_bed":3,"minecraft:cooked_porkchop":48,"minecraft:stripped_oak_log":1,"minecraft:experience_bottle":2},"minecraft:picked_up":{"minecraft:crafting_table":1,"minecraft:iron_chestplate":1,"minecraft:string":5,"minecraft:iron_leggings":2,"minecraft:cobbled_deepslate":15,"minecraft:beef":5,"minecraft:spruce_slab":2,"minecraft:sugar_cane":4,"iceandfire:dragonscales_red":13,"crittersandcompanions:clam":2,"minecraft:iron_boots":1,"minecraft:egg":3,"minecraft:raw_iron":48,"naturalist:duck":1,"minecraft:stone":1,"ribbits:swamp_daisy":2,"minecraft:copper_ingot":9,"minecraft:torch":29,"luminousworld:beastiary":1,"minecraft:redstone":85,"luminousworld:grassflowers":5,"minecraft:stone_sword":1,"minecraft:arrow":24,"minecraft:rotten_flesh":6,"luminousworld:yellow_grassflowers":5,"minecraft:mutton":1,"minecraft:white_wool":2,"minecraft:cobblestone":55,"minecraft:oxeye_daisy":1,"minecraft:stripped_oak_log":4,"minecraft:pink_petals":1,"luminousworld:ishstone":18,"minecraft:leather":13,"minecraft:tuff":5,"minecraft:oak_log":6,"minecraft:gunpowder":1,"minecraft:dirt":2,"minecraft:name_tag":1,"minecraft:bone":6,"minecraft:bow":2,"minecraft:wheat_seeds":3,"minecraft:raw_gold":19,"minecraft:stone_pickaxe":1,"minecraft:iron_ingot":19,"jewelry:sapphire":1,"minecraft:oak_slab":2,"iceandfire:copper_nugget":11,"minecraft:sweet_berries":2,"minecraft:gravel":5,"minecraft:stripped_spruce_log":1,"iceandfire:stymphalian_bird_feather":6,"naturalist:duck_egg":2,"minecraft:bundle":1,"minecraft:iron_hoe":1,"minecraft:purple_bed":4,"minecraft:diamond":8,"minecraft:stone_axe":1,"minecraft:iron_helmet":2,"iceandfire:dragonegg_blue":1,"minecraft:cherry_sapling":1,"minecraft:emerald":2,"minecraft:coal":81,"minecraft:diamond_pickaxe":1},"minecraft:broken":{"minecraft:iron_hoe":1},"minecraft:crafted":{"minecraft:leather_boots":1,"minecraft:crafting_table":1,"minecraft:spruce_planks":4},"minecraft:killed":{"luminousworld:miner_zombie":3,"luminous_monsters:glacial_skeleton":1,"minecraft:spider":2,"iceandfire:stymphalian_bird":2,"minecraft:skeleton":6,"iceandfire:fire_dragon":1,"iceandfire:cyclops":1,"minecraft:rabbit":2,"minecraft:creeper":1,"minecraft:zombie":4,"minecraft:stray":1,"minecraft:cow":2},"minecraft:killed_by":{"iceandfire:cyclops":1,"minecraft:creeper":1,"minecraft:drowned":1,"iceandfire:ice_dragon":1,"iceandfire:troll":1},"minecraft:mined":{"minecraft:tuff":5,"minecraft:deepslate_diamond_ore":8,"minecraft:sculk_vein":48,"gravestone:gravestone":2,"minecraft:spruce_leaves":2,"minecraft:large_fern":1,"minecraft:redstone_ore":17,"minecraft:sculk_catalyst":2,"luminousworld:yellow_grassflowers":4,"minecraft:iron_ore":11,"minecraft:stripped_spruce_log":1,"minecraft:deepslate_iron_ore":37,"minecraft:stone":33,"minecraft:deepslate_redstone_ore":24,"ribbits:swamp_daisy":2,"minecraft:crafting_table":1,"minecraft:torch":4,"minecraft:emerald_ore":2,"minecraft:sculk_sensor":1,"minecraft:mushroom_stem":1,"luminousworld:grassflowers":5,"minecraft:tall_grass":1,"minecraft:cobblestone":20,"minecraft:sugar_cane":2,"minecraft:sculk":200,"minecraft:wall_torch":3,"minecraft:purple_bed":4,"minecraft:blue_ice":3,"minecraft:grass":3,"minecraft:coal_ore":82,"luminousworld:ishstone":21,"minecraft:dirt":1,"luminousworld:grassvariant_3":1,"minecraft:gold_ore":19,"minecraft:deepslate":16}},"DataVersion":3465}