{"stats":{"minecraft:killed":{"luminousworld:miner_zombie":2},"minecraft:mined":{"minecraft:grass":1,"minecraft:cobblestone":13,"minecraft:deepslate":1},"minecraft:picked_up":{"minecraft:torch":16,"minecraft:string":2,"naturalist:duck_egg":1,"minecraft:stone_sword":1,"minecraft:arrow":5,"minecraft:rotten_flesh":1,"minecraft:stone_axe":1,"minecraft:iron_helmet":1,"iceandfire:dragonegg_blue":1,"minecraft:stone_pickaxe":1,"minecraft:egg":3,"minecraft:cobblestone":9},"minecraft:dropped":{"luminousworld:beastiary":1},"minecraft:custom":{"minecraft:time_since_rest":21990,"minecraft:walk_one_cm":134896,"minecraft:sprint_one_cm":177129,"minecraft:damage_taken":417,"minecraft:mob_kills":2,"minecraft:drop":1,"minecraft:damage_dealt":988,"minecraft:swim_one_cm":18831,"minecraft:talked_to_villager":2,"minecraft:fly_one_cm":213775,"minecraft:open_chest":9,"minecraft:crouch_one_cm":2522,"minecraft:play_time":52493,"minecraft:sneak_time":1705,"minecraft:walk_under_water_one_cm":3146,"minecraft:jump":705,"minecraft:walk_on_water_one_cm":22007,"minecraft:time_since_death":52493,"minecraft:sleep_in_bed":2,"minecraft:total_world_time":52493,"minecraft:climb_one_cm":1625,"minecraft:fall_one_cm":12826},"minecraft:used":{"minecraft:netherite_sword":3,"minecraft:iron_pickaxe":14,"iceandfire:dragon_horn":8,"minecraft:iron_sword":15,"minecraft:torch":2,"minecraft:potion":3,"minecraft:goat_horn":7,"minecraft:cooked_porkchop":8,"iceandfire:dragonegg_blue":4,"minecraft:egg":3}},"DataVersion":3465}