{"stats":{"minecraft:mined":{"minecraft:grass":1},"minecraft:picked_up":{"minecraft:stone_sword":1,"minecraft:stone_axe":1,"minecraft:stone_pickaxe":1,"minecraft:string":2},"minecraft:custom":{"minecraft:time_since_rest":16493,"minecraft:open_chest":6,"minecraft:crouch_one_cm":653,"minecraft:play_time":16493,"minecraft:sprint_one_cm":21801,"minecraft:damage_taken":85,"minecraft:walk_one_cm":22310,"minecraft:sneak_time":995,"minecraft:walk_under_water_one_cm":1442,"minecraft:jump":141,"minecraft:damage_dealt":77,"minecraft:time_since_death":16493,"minecraft:walk_on_water_one_cm":15281,"minecraft:total_world_time":16493,"minecraft:swim_one_cm":7709,"minecraft:talked_to_villager":1,"minecraft:fall_one_cm":3282,"minecraft:fly_one_cm":54525},"minecraft:used":{"minecraft:potion":1,"minecraft:goat_horn":5,"minecraft:cooked_porkchop":1,"iceandfire:dragon_horn":3,"iceandfire:dragonegg_blue":1}},"DataVersion":3465}