{"stats":{"minecraft:custom":{"minecraft:interact_with_smithing_table":1,"minecraft:interact_with_furnace":2,"minecraft:interact_with_anvil":4,"minecraft:mob_kills":23,"minecraft:interact_with_crafting_table":3,"minecraft:open_barrel":53,"minecraft:interact_with_grindstone":1,"minecraft:leave_game":3,"minecraft:time_since_death":13614,"minecraft:sleep_in_bed":9,"minecraft:climb_one_cm":30702,"minecraft:time_since_rest":13701,"minecraft:damage_taken":4893,"minecraft:sprint_one_cm":679686,"minecraft:walk_one_cm":720154,"minecraft:drop":22,"minecraft:damage_dealt":7539,"minecraft:swim_one_cm":68102,"minecraft:talked_to_villager":25,"minecraft:fly_one_cm":1470492,"minecraft:open_chest":118,"minecraft:play_time":233473,"minecraft:crouch_one_cm":10650,"minecraft:sneak_time":5433,"minecraft:deaths":7,"minecraft:walk_under_water_one_cm":7400,"minecraft:interact_with_brewingstand":2,"minecraft:jump":3760,"minecraft:walk_on_water_one_cm":37548,"minecraft:total_world_time":233473,"minecraft:fall_one_cm":67406},"minecraft:used":{"minecraft:netherite_sword":3,"iceandfire:dragonbone_sword_ice":21,"minecraft:iron_sword":191,"luminousworld:yellow_grassflowers":4,"naturalist:duck_egg":2,"minecraft:torch":13,"minecraft:dirt":1,"luminousworld:grassflowers":5,"minecraft:oak_slab":1,"minecraft:crafting_table":1,"iceandfire:dragonegg_blue":4,"minecraft:iron_hoe":41,"minecraft:oak_log":2,"minecraft:diamond_pickaxe":61,"minecraft:iron_pickaxe":221,"iceandfire:dragon_horn":12,"minecraft:cobblestone":14,"minecraft:stone_axe":2,"minecraft:potion":11,"minecraft:pink_petals":1,"minecraft:bow":66,"minecraft:purple_bed":3,"minecraft:goat_horn":13,"minecraft:cooked_porkchop":43,"ribbits:swamp_daisy":2,"minecraft:egg":3,"minecraft:stripped_oak_log":1,"minecraft:experience_bottle":2},"minecraft:dropped":{"minecraft:gravel":5,"minecraft:sweet_berries":2,"minecraft:spyglass":1,"minecraft:wheat_seeds":1,"minecraft:oak_log":4,"minecraft:cobbled_deepslate":1,"minecraft:raw_iron":65,"minecraft:cobblestone":7,"minecraft:stripped_oak_log":1,"minecraft:coal":32,"luminousworld:yellow_grassflowers":1,"minecraft:dirt":1,"gravestone:obituary":5,"minecraft:white_wool":2,"luminousworld:beastiary":1,"minecraft:redstone":64,"minecraft:bone":1},"minecraft:picked_up":{"minecraft:stripped_oak_log":4,"minecraft:pink_petals":1,"minecraft:crafting_table":1,"luminousworld:ishstone":18,"minecraft:leather":13,"minecraft:tuff":5,"minecraft:oak_log":6,"minecraft:gunpowder":1,"minecraft:string":5,"minecraft:dirt":2,"minecraft:name_tag":1,"minecraft:iron_leggings":1,"minecraft:bone":4,"minecraft:bow":1,"minecraft:wheat_seeds":3,"minecraft:cobbled_deepslate":13,"minecraft:raw_gold":19,"minecraft:iron_ingot":19,"minecraft:beef":5,"minecraft:stone_pickaxe":1,"minecraft:spruce_slab":2,"minecraft:sugar_cane":4,"iceandfire:dragonscales_red":13,"minecraft:egg":3,"minecraft:oak_slab":2,"minecraft:raw_iron":42,"iceandfire:copper_nugget":11,"naturalist:duck":1,"minecraft:stone":1,"ribbits:swamp_daisy":2,"minecraft:sweet_berries":2,"minecraft:copper_ingot":9,"minecraft:torch":29,"minecraft:gravel":5,"minecraft:stripped_spruce_log":1,"iceandfire:stymphalian_bird_feather":6,"luminousworld:beastiary":1,"minecraft:redstone":85,"minecraft:iron_hoe":1,"naturalist:duck_egg":2,"minecraft:bundle":1,"luminousworld:grassflowers":5,"minecraft:stone_sword":1,"minecraft:arrow":19,"minecraft:purple_bed":4,"minecraft:rotten_flesh":6,"luminousworld:yellow_grassflowers":5,"minecraft:stone_axe":1,"minecraft:iron_helmet":1,"iceandfire:dragonegg_blue":1,"minecraft:cherry_sapling":1,"minecraft:emerald":2,"minecraft:cobblestone":55,"minecraft:mutton":1,"minecraft:coal":81,"minecraft:white_wool":2,"minecraft:diamond_pickaxe":1,"minecraft:oxeye_daisy":1},"minecraft:crafted":{"minecraft:leather_boots":1,"minecraft:crafting_table":1,"minecraft:spruce_planks":4},"minecraft:killed":{"luminousworld:miner_zombie":3,"luminous_monsters:glacial_skeleton":1,"iceandfire:cyclops":1,"minecraft:rabbit":2,"minecraft:spider":2,"iceandfire:stymphalian_bird":2,"minecraft:creeper":1,"minecraft:skeleton":3,"minecraft:zombie":4,"iceandfire:fire_dragon":1,"minecraft:stray":1,"minecraft:cow":2},"minecraft:killed_by":{"iceandfire:cyclops":1,"iceandfire:ice_dragon":1,"minecraft:creeper":1,"minecraft:drowned":1,"iceandfire:troll":1},"minecraft:mined":{"minecraft:deepslate_redstone_ore":24,"minecraft:tuff":5,"minecraft:sculk_vein":5,"ribbits:swamp_daisy":2,"minecraft:crafting_table":1,"minecraft:torch":4,"gravestone:gravestone":2,"minecraft:emerald_ore":2,"minecraft:mushroom_stem":1,"luminousworld:grassflowers":5,"minecraft:tall_grass":1,"minecraft:cobblestone":20,"minecraft:spruce_leaves":2,"minecraft:sugar_cane":2,"minecraft:sculk":36,"minecraft:wall_torch":3,"minecraft:large_fern":1,"minecraft:purple_bed":4,"minecraft:redstone_ore":17,"luminousworld:yellow_grassflowers":4,"minecraft:iron_ore":11,"minecraft:blue_ice":2,"minecraft:stripped_spruce_log":1,"minecraft:grass":3,"minecraft:coal_ore":82,"luminousworld:ishstone":21,"minecraft:deepslate_iron_ore":31,"minecraft:dirt":1,"luminousworld:grassvariant_3":1,"minecraft:stone":33,"minecraft:gold_ore":19,"minecraft:deepslate":14}},"DataVersion":3465}