{"stats":{"minecraft:killed":{"luminousworld:miner_zombie":3,"luminous_monsters:glacial_skeleton":1,"iceandfire:cyclops":1,"minecraft:rabbit":2,"minecraft:spider":2,"iceandfire:stymphalian_bird":2,"minecraft:zombie":3,"iceandfire:fire_dragon":1,"minecraft:stray":1,"minecraft:cow":2},"minecraft:mined":{"minecraft:deepslate_redstone_ore":8,"ribbits:swamp_daisy":2,"minecraft:crafting_table":1,"minecraft:torch":4,"gravestone:gravestone":2,"minecraft:emerald_ore":2,"minecraft:mushroom_stem":1,"luminousworld:grassflowers":5,"minecraft:tall_grass":1,"minecraft:cobblestone":20,"minecraft:spruce_leaves":2,"minecraft:sugar_cane":2,"minecraft:wall_torch":3,"minecraft:large_fern":1,"minecraft:purple_bed":4,"minecraft:redstone_ore":17,"luminousworld:yellow_grassflowers":4,"minecraft:iron_ore":11,"minecraft:stripped_spruce_log":1,"minecraft:deepslate_iron_ore":8,"luminousworld:ishstone":21,"minecraft:coal_ore":82,"minecraft:grass":3,"minecraft:dirt":1,"luminousworld:grassvariant_3":1,"minecraft:stone":33,"minecraft:gold_ore":19,"minecraft:deepslate":2},"minecraft:picked_up":{"minecraft:stripped_oak_log":4,"minecraft:pink_petals":1,"minecraft:crafting_table":1,"luminousworld:ishstone":18,"minecraft:leather":13,"minecraft:oak_log":6,"minecraft:dirt":2,"minecraft:string":5,"minecraft:name_tag":1,"minecraft:iron_leggings":1,"minecraft:bone":4,"minecraft:cobbled_deepslate":1,"minecraft:bow":1,"minecraft:wheat_seeds":3,"minecraft:raw_gold":19,"minecraft:beef":5,"minecraft:stone_pickaxe":1,"minecraft:iron_ingot":19,"minecraft:spruce_slab":2,"minecraft:sugar_cane":4,"iceandfire:dragonscales_red":13,"minecraft:stone":1,"minecraft:egg":3,"minecraft:raw_iron":19,"minecraft:oak_slab":2,"naturalist:duck":1,"iceandfire:copper_nugget":11,"ribbits:swamp_daisy":2,"minecraft:sweet_berries":2,"minecraft:copper_ingot":9,"minecraft:torch":29,"minecraft:gravel":5,"minecraft:stripped_spruce_log":1,"iceandfire:stymphalian_bird_feather":6,"luminousworld:beastiary":1,"minecraft:redstone":85,"naturalist:duck_egg":2,"minecraft:bundle":1,"luminousworld:grassflowers":5,"minecraft:stone_sword":1,"minecraft:arrow":15,"minecraft:purple_bed":4,"minecraft:rotten_flesh":4,"luminousworld:yellow_grassflowers":5,"minecraft:stone_axe":1,"minecraft:iron_helmet":1,"iceandfire:dragonegg_blue":1,"minecraft:cherry_sapling":1,"minecraft:emerald":2,"minecraft:diamond_pickaxe":1,"minecraft:coal":81,"minecraft:mutton":1,"minecraft:white_wool":2,"minecraft:cobblestone":55,"minecraft:oxeye_daisy":1},"minecraft:dropped":{"minecraft:gravel":5,"minecraft:sweet_berries":2,"minecraft:spyglass":1,"minecraft:wheat_seeds":1,"minecraft:oak_log":4,"minecraft:cobbled_deepslate":1,"minecraft:cobblestone":7,"minecraft:stripped_oak_log":1,"luminousworld:yellow_grassflowers":1,"minecraft:dirt":1,"gravestone:obituary":5,"minecraft:white_wool":2,"luminousworld:beastiary":1,"minecraft:redstone":64,"minecraft:bone":1},"minecraft:killed_by":{"iceandfire:cyclops":1,"iceandfire:ice_dragon":1,"minecraft:creeper":1,"minecraft:drowned":1,"iceandfire:troll":1},"minecraft:crafted":{"minecraft:leather_boots":1,"minecraft:crafting_table":1,"minecraft:spruce_planks":4},"minecraft:custom":{"minecraft:interact_with_smithing_table":1,"minecraft:interact_with_furnace":2,"minecraft:interact_with_anvil":4,"minecraft:mob_kills":18,"minecraft:interact_with_crafting_table":3,"minecraft:open_barrel":53,"minecraft:interact_with_grindstone":1,"minecraft:leave_game":3,"minecraft:time_since_death":1374,"minecraft:sleep_in_bed":9,"minecraft:climb_one_cm":30702,"minecraft:time_since_rest":1461,"minecraft:sprint_one_cm":658041,"minecraft:damage_taken":4299,"minecraft:walk_one_cm":660937,"minecraft:drop":19,"minecraft:damage_dealt":7397,"minecraft:swim_one_cm":68102,"minecraft:talked_to_villager":25,"minecraft:fly_one_cm":1459014,"minecraft:open_chest":118,"minecraft:crouch_one_cm":10038,"minecraft:play_time":221233,"minecraft:deaths":7,"minecraft:sneak_time":5308,"minecraft:walk_under_water_one_cm":7400,"minecraft:interact_with_brewingstand":2,"minecraft:jump":3652,"minecraft:walk_on_water_one_cm":35461,"minecraft:total_world_time":221233,"minecraft:fall_one_cm":64474},"minecraft:used":{"minecraft:netherite_sword":3,"iceandfire:dragonbone_sword_ice":21,"minecraft:iron_sword":187,"luminousworld:yellow_grassflowers":4,"naturalist:duck_egg":2,"minecraft:torch":12,"minecraft:dirt":1,"minecraft:crafting_table":1,"minecraft:oak_slab":1,"luminousworld:grassflowers":5,"iceandfire:dragonegg_blue":4,"minecraft:oak_log":2,"minecraft:diamond_pickaxe":3,"minecraft:iron_pickaxe":221,"iceandfire:dragon_horn":12,"minecraft:stone_axe":2,"minecraft:potion":10,"minecraft:pink_petals":1,"minecraft:cobblestone":13,"minecraft:bow":54,"minecraft:purple_bed":3,"minecraft:goat_horn":13,"minecraft:cooked_porkchop":38,"ribbits:swamp_daisy":2,"minecraft:egg":3,"minecraft:stripped_oak_log":1,"minecraft:experience_bottle":2}},"DataVersion":3465}