{"stats":{"minecraft:killed":{"luminousworld:miner_zombie":3,"luminous_monsters:glacial_skeleton":1},"minecraft:mined":{"minecraft:redstone_ore":17,"minecraft:grass":1,"minecraft:mushroom_stem":1,"minecraft:cobblestone":18,"minecraft:gold_ore":19,"minecraft:deepslate":1},"minecraft:picked_up":{"minecraft:torch":16,"minecraft:redstone":81,"minecraft:string":2,"naturalist:duck_egg":1,"minecraft:iron_leggings":1,"minecraft:stone_sword":1,"minecraft:bone":1,"minecraft:arrow":7,"minecraft:rotten_flesh":3,"minecraft:stone_axe":1,"minecraft:raw_gold":19,"minecraft:iron_helmet":1,"iceandfire:dragonegg_blue":1,"minecraft:stone_pickaxe":1,"minecraft:egg":3,"minecraft:cobblestone":16},"minecraft:dropped":{"luminousworld:beastiary":1},"minecraft:custom":{"minecraft:time_since_rest":33990,"minecraft:walk_one_cm":177560,"minecraft:sprint_one_cm":231646,"minecraft:damage_taken":634,"minecraft:mob_kills":4,"minecraft:drop":1,"minecraft:damage_dealt":1689,"minecraft:swim_one_cm":18831,"minecraft:talked_to_villager":2,"minecraft:fly_one_cm":254624,"minecraft:open_barrel":8,"minecraft:open_chest":26,"minecraft:crouch_one_cm":2579,"minecraft:play_time":64493,"minecraft:sneak_time":1740,"minecraft:walk_under_water_one_cm":3420,"minecraft:interact_with_brewingstand":2,"minecraft:jump":897,"minecraft:walk_on_water_one_cm":23170,"minecraft:time_since_death":64493,"minecraft:sleep_in_bed":2,"minecraft:total_world_time":64493,"minecraft:climb_one_cm":14476,"minecraft:fall_one_cm":15400},"minecraft:used":{"minecraft:netherite_sword":3,"minecraft:iron_pickaxe":55,"iceandfire:dragon_horn":8,"minecraft:iron_sword":32,"minecraft:torch":2,"minecraft:potion":3,"minecraft:goat_horn":7,"minecraft:cooked_porkchop":11,"iceandfire:dragonegg_blue":4,"minecraft:egg":3}},"DataVersion":3465}