{"stats":{"minecraft:killed":{"luminousworld:miner_zombie":3,"luminous_monsters:glacial_skeleton":1,"iceandfire:stymphalian_bird":2},"minecraft:mined":{"minecraft:purple_bed":1,"minecraft:redstone_ore":17,"luminousworld:yellow_grassflowers":4,"minecraft:torch":2,"minecraft:grass":1,"luminousworld:grassvariant_3":1,"minecraft:tall_grass":1,"luminousworld:grassflowers":5,"minecraft:mushroom_stem":1,"minecraft:cobblestone":18,"minecraft:gold_ore":19,"minecraft:wall_torch":1,"minecraft:deepslate":1},"minecraft:picked_up":{"iceandfire:copper_nugget":11,"naturalist:duck":1,"minecraft:copper_ingot":9,"minecraft:torch":19,"iceandfire:stymphalian_bird_feather":6,"minecraft:redstone":81,"minecraft:string":2,"naturalist:duck_egg":2,"minecraft:name_tag":1,"minecraft:iron_leggings":1,"luminousworld:grassflowers":5,"minecraft:stone_sword":1,"minecraft:bone":1,"minecraft:arrow":7,"minecraft:purple_bed":1,"minecraft:rotten_flesh":3,"luminousworld:yellow_grassflowers":5,"minecraft:stone_axe":1,"minecraft:wheat_seeds":1,"minecraft:raw_gold":19,"minecraft:iron_helmet":1,"minecraft:iron_ingot":19,"iceandfire:dragonegg_blue":1,"minecraft:stone_pickaxe":1,"minecraft:egg":3,"minecraft:cobblestone":16},"minecraft:dropped":{"luminousworld:yellow_grassflowers":1,"minecraft:spyglass":1,"minecraft:redstone":64,"luminousworld:beastiary":1},"minecraft:custom":{"minecraft:time_since_rest":14520,"minecraft:walk_one_cm":282028,"minecraft:sprint_one_cm":321734,"minecraft:damage_taken":892,"minecraft:interact_with_anvil":2,"minecraft:mob_kills":6,"minecraft:drop":4,"minecraft:damage_dealt":3443,"minecraft:swim_one_cm":25270,"minecraft:talked_to_villager":15,"minecraft:fly_one_cm":553239,"minecraft:open_barrel":11,"minecraft:open_chest":54,"minecraft:crouch_one_cm":3188,"minecraft:play_time":100493,"minecraft:sneak_time":2314,"minecraft:walk_under_water_one_cm":3764,"minecraft:interact_with_brewingstand":2,"minecraft:jump":1380,"minecraft:walk_on_water_one_cm":24934,"minecraft:time_since_death":100493,"minecraft:sleep_in_bed":5,"minecraft:total_world_time":100493,"minecraft:climb_one_cm":17677,"minecraft:fall_one_cm":24284},"minecraft:used":{"minecraft:netherite_sword":3,"minecraft:iron_pickaxe":55,"iceandfire:dragon_horn":9,"minecraft:iron_sword":122,"minecraft:torch":5,"minecraft:potion":4,"minecraft:goat_horn":9,"minecraft:cooked_porkchop":14,"iceandfire:dragonegg_blue":4,"minecraft:egg":3,"minecraft:experience_bottle":2}},"DataVersion":3465}