{"stats":{"minecraft:mined":{"ribbits:swamp_daisy":2,"minecraft:torch":4,"minecraft:mushroom_stem":1,"luminousworld:grassflowers":5,"minecraft:cobblestone":18,"minecraft:tall_grass":1,"minecraft:wall_torch":2,"minecraft:large_fern":1,"minecraft:purple_bed":1,"minecraft:redstone_ore":17,"luminousworld:yellow_grassflowers":4,"minecraft:grass":1,"luminousworld:grassvariant_3":1,"minecraft:gold_ore":19,"minecraft:deepslate":1},"minecraft:dropped":{"minecraft:spyglass":1,"luminousworld:yellow_grassflowers":1,"luminousworld:beastiary":1,"minecraft:redstone":64},"minecraft:killed":{"luminousworld:miner_zombie":3,"luminous_monsters:glacial_skeleton":1,"iceandfire:stymphalian_bird":2,"iceandfire:fire_dragon":1},"minecraft:used":{"minecraft:netherite_sword":3,"iceandfire:dragonbone_sword_ice":21,"minecraft:iron_sword":122,"luminousworld:yellow_grassflowers":4,"minecraft:torch":10,"minecraft:oak_slab":1,"luminousworld:grassflowers":5,"iceandfire:dragonegg_blue":4,"minecraft:iron_pickaxe":55,"iceandfire:dragon_horn":10,"minecraft:potion":4,"minecraft:goat_horn":10,"minecraft:cooked_porkchop":17,"minecraft:egg":3,"ribbits:swamp_daisy":2,"minecraft:experience_bottle":2},"minecraft:custom":{"minecraft:mob_kills":7,"minecraft:interact_with_anvil":2,"minecraft:open_barrel":42,"minecraft:leave_game":1,"minecraft:time_since_death":120464,"minecraft:sleep_in_bed":6,"minecraft:climb_one_cm":19633,"minecraft:time_since_rest":15335,"minecraft:sprint_one_cm":357995,"minecraft:damage_taken":945,"minecraft:walk_one_cm":337795,"minecraft:drop":4,"minecraft:damage_dealt":5793,"minecraft:swim_one_cm":28096,"minecraft:talked_to_villager":18,"minecraft:fly_one_cm":705609,"minecraft:open_chest":65,"minecraft:crouch_one_cm":6887,"minecraft:play_time":120464,"minecraft:sneak_time":3243,"minecraft:walk_under_water_one_cm":3877,"minecraft:jump":1546,"minecraft:interact_with_brewingstand":2,"minecraft:walk_on_water_one_cm":25171,"minecraft:total_world_time":120464,"minecraft:fall_one_cm":27595},"minecraft:picked_up":{"minecraft:stripped_oak_log":2,"minecraft:string":4,"minecraft:name_tag":1,"minecraft:iron_leggings":1,"minecraft:bone":1,"minecraft:wheat_seeds":1,"minecraft:raw_gold":19,"minecraft:iron_ingot":19,"minecraft:stone_pickaxe":1,"minecraft:spruce_slab":2,"iceandfire:dragonscales_red":13,"minecraft:egg":3,"minecraft:oak_slab":2,"iceandfire:copper_nugget":11,"naturalist:duck":1,"ribbits:swamp_daisy":2,"minecraft:copper_ingot":9,"minecraft:torch":24,"iceandfire:stymphalian_bird_feather":6,"luminousworld:beastiary":1,"minecraft:redstone":81,"naturalist:duck_egg":2,"luminousworld:grassflowers":5,"minecraft:stone_sword":1,"minecraft:arrow":7,"minecraft:purple_bed":1,"minecraft:rotten_flesh":3,"luminousworld:yellow_grassflowers":5,"minecraft:stone_axe":1,"minecraft:iron_helmet":1,"iceandfire:dragonegg_blue":1,"minecraft:cobblestone":16,"minecraft:oxeye_daisy":1}},"DataVersion":3465}