{"stats":{"minecraft:killed":{"luminousworld:miner_zombie":3,"luminous_monsters:glacial_skeleton":1,"iceandfire:cyclops":1,"iceandfire:stymphalian_bird":2,"minecraft:zombie":1,"iceandfire:fire_dragon":1},"minecraft:mined":{"ribbits:swamp_daisy":2,"minecraft:torch":4,"gravestone:gravestone":1,"minecraft:emerald_ore":2,"minecraft:mushroom_stem":1,"luminousworld:grassflowers":5,"minecraft:tall_grass":1,"minecraft:cobblestone":18,"minecraft:wall_torch":2,"minecraft:large_fern":1,"minecraft:purple_bed":3,"minecraft:redstone_ore":17,"luminousworld:yellow_grassflowers":4,"minecraft:grass":1,"minecraft:dirt":1,"luminousworld:grassvariant_3":1,"minecraft:stone":8,"minecraft:gold_ore":19,"minecraft:deepslate":1},"minecraft:picked_up":{"minecraft:stripped_oak_log":4,"minecraft:pink_petals":1,"minecraft:leather":9,"minecraft:oak_log":6,"minecraft:dirt":2,"minecraft:string":4,"minecraft:name_tag":1,"minecraft:iron_leggings":1,"minecraft:bone":2,"minecraft:wheat_seeds":3,"minecraft:raw_gold":19,"minecraft:stone_pickaxe":1,"minecraft:iron_ingot":19,"minecraft:spruce_slab":2,"iceandfire:dragonscales_red":13,"minecraft:egg":3,"minecraft:oak_slab":2,"naturalist:duck":1,"iceandfire:copper_nugget":11,"ribbits:swamp_daisy":2,"minecraft:copper_ingot":9,"minecraft:torch":28,"iceandfire:stymphalian_bird_feather":6,"luminousworld:beastiary":1,"minecraft:redstone":81,"naturalist:duck_egg":2,"minecraft:bundle":1,"luminousworld:grassflowers":5,"minecraft:stone_sword":1,"minecraft:arrow":8,"minecraft:purple_bed":3,"minecraft:rotten_flesh":4,"luminousworld:yellow_grassflowers":5,"minecraft:stone_axe":1,"minecraft:iron_helmet":1,"iceandfire:dragonegg_blue":1,"minecraft:cherry_sapling":1,"minecraft:emerald":2,"minecraft:white_wool":2,"minecraft:cobblestone":24,"minecraft:oxeye_daisy":1},"minecraft:dropped":{"minecraft:spyglass":1,"minecraft:wheat_seeds":1,"minecraft:oak_log":4,"minecraft:stripped_oak_log":1,"luminousworld:yellow_grassflowers":1,"minecraft:dirt":1,"gravestone:obituary":1,"minecraft:white_wool":2,"luminousworld:beastiary":1,"minecraft:redstone":64,"minecraft:bone":1},"minecraft:killed_by":{"iceandfire:cyclops":1,"iceandfire:ice_dragon":1},"minecraft:custom":{"minecraft:interact_with_smithing_table":1,"minecraft:interact_with_furnace":1,"minecraft:interact_with_anvil":4,"minecraft:mob_kills":9,"minecraft:open_barrel":46,"minecraft:interact_with_grindstone":1,"minecraft:leave_game":2,"minecraft:time_since_death":21378,"minecraft:sleep_in_bed":9,"minecraft:climb_one_cm":30138,"minecraft:time_since_rest":5642,"minecraft:sprint_one_cm":578616,"minecraft:damage_taken":2244,"minecraft:walk_one_cm":546623,"minecraft:drop":11,"minecraft:damage_dealt":6067,"minecraft:swim_one_cm":49233,"minecraft:talked_to_villager":25,"minecraft:fly_one_cm":1338514,"minecraft:open_chest":112,"minecraft:crouch_one_cm":8951,"minecraft:play_time":186094,"minecraft:deaths":2,"minecraft:sneak_time":4664,"minecraft:walk_under_water_one_cm":4829,"minecraft:interact_with_brewingstand":2,"minecraft:jump":3193,"minecraft:walk_on_water_one_cm":27768,"minecraft:total_world_time":186094,"minecraft:fall_one_cm":55058},"minecraft:used":{"minecraft:netherite_sword":3,"iceandfire:dragonbone_sword_ice":21,"minecraft:iron_sword":135,"luminousworld:yellow_grassflowers":4,"naturalist:duck_egg":2,"minecraft:torch":11,"minecraft:dirt":1,"minecraft:oak_slab":1,"luminousworld:grassflowers":5,"iceandfire:dragonegg_blue":4,"minecraft:oak_log":2,"minecraft:iron_pickaxe":65,"iceandfire:dragon_horn":10,"minecraft:potion":5,"minecraft:pink_petals":1,"minecraft:cobblestone":8,"minecraft:bow":35,"minecraft:purple_bed":3,"minecraft:goat_horn":12,"minecraft:cooked_porkchop":28,"ribbits:swamp_daisy":2,"minecraft:egg":3,"minecraft:stripped_oak_log":1,"minecraft:experience_bottle":2}},"DataVersion":3465}