{"stats":{"minecraft:killed":{"luminousworld:miner_zombie":3,"luminous_monsters:glacial_skeleton":1,"iceandfire:cyclops":1,"minecraft:rabbit":2,"minecraft:spider":1,"iceandfire:stymphalian_bird":2,"minecraft:zombie":3,"iceandfire:fire_dragon":1,"minecraft:stray":1,"minecraft:cow":2},"minecraft:mined":{"ribbits:swamp_daisy":2,"minecraft:crafting_table":1,"minecraft:torch":4,"gravestone:gravestone":1,"minecraft:emerald_ore":2,"minecraft:mushroom_stem":1,"luminousworld:grassflowers":5,"minecraft:tall_grass":1,"minecraft:cobblestone":18,"minecraft:spruce_leaves":2,"minecraft:wall_torch":2,"minecraft:large_fern":1,"minecraft:purple_bed":3,"minecraft:redstone_ore":17,"luminousworld:yellow_grassflowers":4,"minecraft:stripped_spruce_log":1,"minecraft:grass":2,"minecraft:dirt":1,"luminousworld:grassvariant_3":1,"minecraft:stone":8,"minecraft:gold_ore":19,"minecraft:deepslate":1},"minecraft:picked_up":{"minecraft:stripped_oak_log":4,"minecraft:pink_petals":1,"minecraft:crafting_table":1,"minecraft:leather":13,"minecraft:oak_log":6,"minecraft:dirt":2,"minecraft:string":4,"minecraft:name_tag":1,"minecraft:iron_leggings":1,"minecraft:bone":4,"minecraft:wheat_seeds":3,"minecraft:raw_gold":19,"minecraft:beef":5,"minecraft:stone_pickaxe":1,"minecraft:iron_ingot":19,"minecraft:spruce_slab":2,"iceandfire:dragonscales_red":13,"minecraft:egg":3,"minecraft:oak_slab":2,"naturalist:duck":1,"iceandfire:copper_nugget":11,"ribbits:swamp_daisy":2,"minecraft:sweet_berries":2,"minecraft:copper_ingot":9,"minecraft:torch":28,"minecraft:stripped_spruce_log":1,"iceandfire:stymphalian_bird_feather":6,"luminousworld:beastiary":1,"minecraft:redstone":81,"naturalist:duck_egg":2,"minecraft:bundle":1,"luminousworld:grassflowers":5,"minecraft:stone_sword":1,"minecraft:arrow":10,"minecraft:purple_bed":3,"minecraft:rotten_flesh":4,"luminousworld:yellow_grassflowers":5,"minecraft:stone_axe":1,"minecraft:iron_helmet":1,"iceandfire:dragonegg_blue":1,"minecraft:cherry_sapling":1,"minecraft:emerald":2,"minecraft:white_wool":2,"minecraft:cobblestone":24,"minecraft:oxeye_daisy":1},"minecraft:dropped":{"minecraft:spyglass":1,"minecraft:wheat_seeds":1,"minecraft:oak_log":4,"minecraft:stripped_oak_log":1,"luminousworld:yellow_grassflowers":1,"minecraft:dirt":1,"gravestone:obituary":2,"minecraft:white_wool":2,"luminousworld:beastiary":1,"minecraft:redstone":64,"minecraft:bone":1},"minecraft:killed_by":{"iceandfire:cyclops":1,"iceandfire:ice_dragon":1},"minecraft:crafted":{"minecraft:leather_boots":1,"minecraft:crafting_table":1,"minecraft:spruce_planks":4},"minecraft:custom":{"minecraft:interact_with_smithing_table":1,"minecraft:interact_with_furnace":1,"minecraft:interact_with_anvil":4,"minecraft:mob_kills":17,"minecraft:interact_with_crafting_table":1,"minecraft:open_barrel":46,"minecraft:interact_with_grindstone":1,"minecraft:leave_game":2,"minecraft:time_since_death":8881,"minecraft:sleep_in_bed":9,"minecraft:climb_one_cm":30702,"minecraft:time_since_rest":8911,"minecraft:sprint_one_cm":618366,"minecraft:damage_taken":2855,"minecraft:walk_one_cm":590488,"minecraft:drop":12,"minecraft:damage_dealt":6827,"minecraft:swim_one_cm":49233,"minecraft:talked_to_villager":25,"minecraft:fly_one_cm":1427243,"minecraft:open_chest":116,"minecraft:crouch_one_cm":9228,"minecraft:play_time":198094,"minecraft:deaths":3,"minecraft:sneak_time":4991,"minecraft:walk_under_water_one_cm":4829,"minecraft:interact_with_brewingstand":2,"minecraft:jump":3346,"minecraft:walk_on_water_one_cm":27904,"minecraft:total_world_time":198094,"minecraft:fall_one_cm":58052},"minecraft:used":{"minecraft:netherite_sword":3,"iceandfire:dragonbone_sword_ice":21,"minecraft:iron_sword":153,"luminousworld:yellow_grassflowers":4,"naturalist:duck_egg":2,"minecraft:torch":11,"minecraft:dirt":1,"minecraft:crafting_table":1,"minecraft:oak_slab":1,"luminousworld:grassflowers":5,"iceandfire:dragonegg_blue":4,"minecraft:oak_log":2,"minecraft:iron_pickaxe":65,"iceandfire:dragon_horn":12,"minecraft:stone_axe":2,"minecraft:potion":6,"minecraft:pink_petals":1,"minecraft:cobblestone":8,"minecraft:bow":45,"minecraft:purple_bed":3,"minecraft:goat_horn":12,"minecraft:cooked_porkchop":33,"ribbits:swamp_daisy":2,"minecraft:egg":3,"minecraft:stripped_oak_log":1,"minecraft:experience_bottle":2}},"DataVersion":3465}