{"stats":{"minecraft:mined":{"minecraft:grass":1},"minecraft:picked_up":{"minecraft:stone_sword":1,"minecraft:stone_axe":1,"iceandfire:dragonegg_blue":1,"minecraft:stone_pickaxe":1,"minecraft:string":2},"minecraft:custom":{"minecraft:time_since_rest":11389,"minecraft:open_chest":6,"minecraft:crouch_one_cm":1741,"minecraft:play_time":28493,"minecraft:sprint_one_cm":52496,"minecraft:damage_taken":95,"minecraft:walk_one_cm":58730,"minecraft:sneak_time":1355,"minecraft:walk_under_water_one_cm":1442,"minecraft:jump":306,"minecraft:damage_dealt":77,"minecraft:time_since_death":28493,"minecraft:walk_on_water_one_cm":18531,"minecraft:sleep_in_bed":1,"minecraft:total_world_time":28493,"minecraft:swim_one_cm":7709,"minecraft:talked_to_villager":1,"minecraft:fall_one_cm":7276,"minecraft:fly_one_cm":92302},"minecraft:used":{"minecraft:potion":1,"minecraft:goat_horn":5,"minecraft:cooked_porkchop":2,"iceandfire:dragon_horn":6,"iceandfire:dragonegg_blue":4}},"DataVersion":3465}